,Unnamed: 0,country,continent,year,happiness,democracy_score,index_of_functioning_goverment,code,population,women_in_parliament_%,daily_income_usd,income_inequlity
43,43,Bahrain,Asia,2005,,,,BHR,889157.0,,54.7,35.5
62,62,Oman,Asia,2005,,,,OMN,2511254.0,8.47,23.4,36.3
65,65,Qatar,Asia,2005,,,,QAT,865410.0,0.0,58.4,34.3
66,66,Saudi Arabia,Asia,2005,70.8,,,SAU,23816175.0,0.0,41.3,36.0
72,72,Kuwait,Asia,2005,,,,KWT,2270196.0,1.03,82.0,34.6
77,77,Yemen,Asia,2005,,,,,,0.44,4.9,34.7
137,137,United Arab Emirates,Asia,2005,,,,ARE,4588222.0,2.5,187.0,32.0
185,185,Kuwait,Asia,2006,60.8,30.9,41.4,KWT,2373661.0,1.54,84.3,34.6
190,190,Bahrain,Asia,2006,,35.3,25.7,BHR,958423.0,,54.0,35.5
209,209,Oman,Asia,2006,,27.7,30.7,OMN,2580753.0,8.79,24.0,36.2
212,212,Qatar,Asia,2006,,27.8,34.3,QAT,1022704.0,0.0,62.4,34.1
213,213,Saudi Arabia,Asia,2006,,19.2,23.6,SAU,24498313.0,5.67,43.5,35.8
224,224,Yemen,Asia,2006,,29.8,27.1,,,0.49,4.84,34.9
248,248,United Arab Emirates,Asia,2006,67.3,24.2,30.7,ARE,5300172.0,5.0,187.0,31.8
340,340,Bahrain,Asia,2007,,34.5,30.7,BHR,1035924.0,,54.1,35.5
354,354,Kuwait,Asia,2007,,32.4,42.1,KWT,2504026.0,2.31,84.7,34.6
359,359,Oman,Asia,2007,,28.8,33.2,OMN,2657162.0,9.09,24.4,36.2
362,362,Qatar,Asia,2007,,28.5,35.0,QAT,1218441.0,0.0,61.8,34.2
363,363,Saudi Arabia,Asia,2007,72.7,19.1,26.1,SAU,25184589.0,11.3,45.5,35.8
374,374,Yemen,Asia,2007,44.8,29.6,26.1,,,0.53,4.83,35.2
407,407,United Arab Emirates,Asia,2007,,25.1,35.0,ARE,6168846.0,5.0,180.0,32.1
495,495,Bahrain,Asia,2008,,33.8,35.7,BHR,1114645.0,,53.5,35.5
500,500,Kuwait,Asia,2008,,33.9,42.9,KWT,2656010.0,3.08,81.9,34.6
506,506,Oman,Asia,2008,,29.8,35.7,OMN,2750956.0,9.22,25.5,36.1
508,508,Qatar,Asia,2008,,29.2,35.7,QAT,1436670.0,0.0,61.6,34.2
509,509,Saudi Arabia,Asia,2008,68.1,19.0,28.6,SAU,25888535.0,17.0,49.7,35.6
521,521,Yemen,Asia,2008,,29.5,25.0,,,0.58,4.85,35.4
554,554,United Arab Emirates,Asia,2008,,26.0,39.3,ARE,7089486.0,5.0,175.0,32.3
629,629,Kuwait,Asia,2009,65.9,36.4,42.9,KWT,2821041.0,7.69,71.6,34.9
634,634,Bahrain,Asia,2009,57.0,34.4,35.7,BHR,1185075.0,,51.6,35.6
654,654,Oman,Asia,2009,,29.2,35.7,OMN,2876186.0,9.35,25.9,36.1
657,657,Qatar,Asia,2009,64.2,30.1,33.9,QAT,1654944.0,0.0,59.9,34.2
658,658,Saudi Arabia,Asia,2009,61.5,18.7,28.6,SAU,26630303.0,22.7,48.7,35.6
670,670,Yemen,Asia,2009,48.1,27.9,21.4,,,0.62,4.87,35.6
720,720,United Arab Emirates,Asia,2009,68.7,25.6,37.5,ARE,7917368.0,5.0,113.0,32.6
784,784,Bahrain,Asia,2010,59.4,34.9,35.7,BHR,1240864.0,,51.4,35.6
798,798,Kuwait,Asia,2010,68.0,38.8,42.9,KWT,2991884.0,5.61,65.9,35.1
803,803,Oman,Asia,2010,,28.6,35.7,OMN,3041435.0,9.47,24.9,36.1
806,806,Qatar,Asia,2010,68.5,30.9,32.1,QAT,1856329.0,0.0,63.9,34.1
807,807,Saudi Arabia,Asia,2010,63.1,18.4,28.6,SAU,27421468.0,22.0,48.3,35.6
816,816,United Arab Emirates,Asia,2010,71.0,25.2,35.7,ARE,8549998.0,5.0,76.1,32.7
819,819,Yemen,Asia,2010,43.5,26.4,17.9,,,0.66,5.08,35.8
930,930,Bahrain,Asia,2011,48.2,29.2,25.0,BHR,1278153.0,,50.9,35.6
944,944,Kuwait,Asia,2011,63.8,37.4,42.9,KWT,3168054.0,4.7,68.3,35.0
950,950,Oman,Asia,2011,68.5,32.6,39.3,OMN,3251102.0,9.58,23.9,36.2
953,953,Qatar,Asia,2011,65.9,31.8,39.3,QAT,2035862.0,0.0,66.0,34.0
954,954,Saudi Arabia,Asia,2011,67.0,17.7,28.6,SAU,28267591.0,21.3,51.5,35.5
964,964,Yemen,Asia,2011,37.5,25.7,3.6,,,0.7,4.25,36.0
1033,1033,United Arab Emirates,Asia,2011,71.2,25.8,35.7,ARE,8946778.0,5.0,80.6,32.6
1073,1073,Kuwait,Asia,2012,62.2,37.8,39.3,KWT,3348852.0,4.19,68.9,35.0
1078,1078,Bahrain,Asia,2012,50.3,25.3,25.0,BHR,1299942.0,,51.9,35.6
1098,1098,Oman,Asia,2012,,32.6,39.3,OMN,3498031.0,9.24,24.2,36.2
1101,1101,Qatar,Asia,2012,66.1,31.8,39.3,QAT,2196078.0,0.0,64.1,34.1
1102,1102,Saudi Arabia,Asia,2012,64.0,17.1,28.6,SAU,29154906.0,20.6,52.7,35.5
1114,1114,Yemen,Asia,2012,40.6,31.2,14.3,,,0.74,4.23,36.3
1163,1163,United Arab Emirates,Asia,2012,72.2,25.8,35.7,ARE,9141598.0,17.5,70.4,32.6
1221,1221,Kuwait,Asia,2013,64.8,37.8,39.3,KWT,3526382.0,80.0,66.1,35.1
1226,1226,Bahrain,Asia,2013,66.9,28.7,35.7,BHR,1315029.0,,54.1,35.5
1245,1245,Oman,Asia,2013,,32.6,39.3,OMN,3764805.0,8.9,23.7,36.3
1248,1248,Qatar,Asia,2013,,31.8,39.3,QAT,2336579.0,0.0,63.6,34.1
1249,1249,Saudi Arabia,Asia,2013,65.0,18.2,28.6,SAU,30052058.0,19.9,52.5,35.5
1261,1261,Yemen,Asia,2013,42.2,27.9,14.3,,,0.78,4.35,36.5
1330,1330,United Arab Emirates,Asia,2013,66.2,25.2,35.7,ARE,9197908.0,19.2,73.6,32.5
1372,1372,Bahrain,Asia,2014,61.7,28.7,35.7,BHR,1336073.0,,55.5,35.5
1387,1387,Oman,Asia,2014,,31.5,39.3,OMN,4027255.0,8.57,22.4,36.4
1395,1395,Qatar,Asia,2014,,31.8,39.3,QAT,2459202.0,1.85,63.6,34.1
1396,1396,Saudi Arabia,Asia,2014,62.8,18.2,28.6,SAU,30916603.0,19.9,52.9,35.5
1402,1402,Kuwait,Asia,2014,61.8,37.8,39.3,KWT,3690939.0,8.0,63.5,35.1
1422,1422,Yemen,Asia,2014,39.7,27.9,14.3,,,0.81,4.18,36.7
1459,1459,United Arab Emirates,Asia,2014,65.4,26.4,35.7,ARE,9214182.0,20.8,83.7,31.1
1522,1522,Bahrain,Asia,2015,60.1,27.9,32.1,BHR,1371853.0,,55.4,35.5
1537,1537,Kuwait,Asia,2015,61.5,38.5,42.9,KWT,3835588.0,3.4,61.5,35.2
1542,1542,Oman,Asia,2015,,30.4,39.3,OMN,4267341.0,8.24,22.2,36.4
1545,1545,Qatar,Asia,2015,63.7,31.8,39.3,QAT,2565708.0,3.6,63.9,34.1
1546,1546,Saudi Arabia,Asia,2015,63.5,19.3,28.6,SAU,31717676.0,19.9,53.7,35.4
1557,1557,Yemen,Asia,2015,29.8,22.4,3.6,,,0.85,2.93,36.7
1626,1626,United Arab Emirates,Asia,2015,65.7,27.5,35.7,ARE,9262896.0,22.5,69.1,29.7
1665,1665,Kuwait,Asia,2016,59.5,38.5,42.9,KWT,3956862.0,1.74,61.3,35.2
1670,1670,Bahrain,Asia,2016,61.7,27.9,32.1,BHR,1425793.0,,55.2,35.5
1689,1689,Oman,Asia,2016,,30.4,39.3,OMN,4479217.0,8.65,22.2,36.4
1692,1692,Qatar,Asia,2016,,31.8,39.3,QAT,2654379.0,5.26,63.7,34.1
1693,1693,Saudi Arabia,Asia,2016,64.7,19.3,28.6,SAU,32443443.0,19.9,53.3,35.4
1705,1705,Yemen,Asia,2016,38.3,20.7,0.0,,,0.88,2.59,36.7
1755,1755,United Arab Emirates,Asia,2016,68.3,27.5,35.7,ARE,9360975.0,29.4,71.2,28.4
1816,1816,Bahrain,Asia,2017,62.3,27.1,32.1,BHR,1494077.0,,55.0,35.5
1836,1836,Oman,Asia,2017,,30.4,39.3,OMN,4665926.0,9.06,21.4,36.5
1839,1839,Qatar,Asia,2017,,31.9,42.9,QAT,2724727.0,6.84,61.1,34.2
1840,1840,Saudi Arabia,Asia,2017,62.9,19.3,28.6,SAU,33101183.0,19.9,51.9,35.5
1846,1846,Kuwait,Asia,2017,60.9,38.5,42.9,KWT,4056102.0,2.37,57.0,35.4
1887,1887,Yemen,Asia,2017,32.5,20.7,0.0,,,0.91,2.4,36.7
1906,1906,United Arab Emirates,Asia,2017,70.4,26.9,35.7,ARE,9487206.0,36.3,78.7,27.2
1968,1968,Bahrain,Asia,2018,,27.1,32.1,BHR,1569440.0,,53.2,35.5
1982,1982,Kuwait,Asia,2018,,38.5,42.9,KWT,4137314.0,3.27,56.6,35.4
1987,1987,Oman,Asia,2018,,30.4,39.3,OMN,4829476.0,9.48,21.0,36.5
1990,1990,Qatar,Asia,2018,,31.9,42.9,QAT,2781682.0,8.33,60.6,34.2
1991,1991,Saudi Arabia,Asia,2018,63.6,19.3,28.6,SAU,33702757.0,19.9,52.2,35.5
2003,2003,Yemen,Asia,2018,30.6,19.5,0.0,,,0.94,2.36,36.7
2036,2036,United Arab Emirates,Asia,2018,66.0,27.6,39.3,ARE,9630966.0,43.1,84.1,26.0
2116,2116,Bahrain,Asia,2019,62.3,25.5,27.1,BHR,1641164.0,18.8,51.8,35.6
2129,2129,Kuwait,Asia,2019,61.0,39.3,42.9,KWT,4207077.0,4.62,55.9,35.4
2135,2135,Oman,Asia,2019,,30.6,39.3,OMN,4974992.0,9.88,20.1,36.6
2138,2138,Qatar,Asia,2019,,31.9,42.9,QAT,2832071.0,9.76,60.0,34.2
2139,2139,Saudi Arabia,Asia,2019,64.1,19.3,28.6,SAU,34268529.0,19.9,51.5,35.5
2150,2150,Yemen,Asia,2019,35.3,19.5,0.0,,,0.97,2.36,36.7
2162,2162,United Arab Emirates,Asia,2019,67.9,27.6,39.3,ARE,9770526.0,50.0,94.0,26.0
2545,2545,United Arab Emirates,,2020,,27.0,39.3,ARE,9890400.0,50.0,85.8,26.0
2557,2557,Bahrain,,2020,,24.9,27.1,BHR,1701583.0,18.8,48.1,35.6
2626,2626,Kuwait,,2020,,38.0,39.3,KWT,4270563.0,6.35,49.9,35.4
2659,2659,Oman,,2020,,30.0,39.3,OMN,5106622.0,9.88,19.5,37.2
2670,2670,Qatar,,2020,,32.4,42.9,QAT,2881060.0,9.76,58.2,34.2
2674,2674,Saudi Arabia,,2020,,20.8,35.7,SAU,34813867.0,19.9,48.4,36.1
2705,2705,Yemen,,2020,,19.5,0.0,,,0.97,2.18,37.5
2717,2717,United Arab Emirates,,1960,,,,ARE,92417.0,,107.0,33.2
2731,2731,Bahrain,,1960,,,,BHR,162429.0,,29.1,36.7
2836,2836,Kuwait,,1960,,,,KWT,269026.0,,53.1,35.5
2891,2891,Oman,,1960,,,,OMN,551735.0,,1.26,42.0
2909,2909,Qatar,,1960,,,,QAT,47383.0,,11.1,37.5
2914,2914,Saudi Arabia,,1960,,,,SAU,4086534.0,,7.48,39.3
2983,2983,United Arab Emirates,,1961,,,,ARE,100801.0,,123.0,32.9
2997,2997,Bahrain,,1961,,,,BHR,167899.0,,29.8,36.7
3102,3102,Kuwait,,1961,,,,KWT,300581.0,,59.8,35.3
3157,3157,Oman,,1961,,,,OMN,564891.0,,1.29,42.0
3175,3175,Qatar,,1961,,,,QAT,51427.0,,13.9,37.1
3180,3180,Saudi Arabia,,1961,,,,SAU,4218852.0,,8.18,39.1
3249,3249,United Arab Emirates,,1962,,,,ARE,112112.0,,141.0,32.7
3263,3263,Bahrain,,1962,,,,BHR,173140.0,,30.5,36.6
3368,3368,Kuwait,,1962,,,,KWT,337346.0,0.0,67.2,35.0
3423,3423,Oman,,1962,,,,OMN,578827.0,,1.58,41.6
3441,3441,Qatar,,1962,,,,QAT,56266.0,,17.4,36.7
3446,3446,Saudi Arabia,,1962,,,,SAU,4362788.0,,8.94,39.0
3515,3515,United Arab Emirates,,1963,,,,ARE,125130.0,,159.0,32.5
3529,3529,Bahrain,,1963,,,,BHR,178142.0,,31.5,36.6
3634,3634,Kuwait,,1963,,,,KWT,378756.0,0.0,75.6,34.8
3689,3689,Oman,,1963,,,,OMN,593498.0,,1.67,41.5
3707,3707,Qatar,,1963,,,,QAT,61721.0,,21.7,36.2
3712,3712,Saudi Arabia,,1963,,,,SAU,4516540.0,,9.48,38.8
3781,3781,United Arab Emirates,,1964,,,,ARE,138049.0,,177.0,32.3
3795,3795,Bahrain,,1964,,,,BHR,182888.0,,32.6,36.5
3900,3900,Kuwait,,1964,,,,KWT,423900.0,0.0,85.0,34.6
3955,3955,Oman,,1964,,,,OMN,608890.0,,1.69,41.5
3973,3973,Qatar,,1964,,,,QAT,67562.0,,27.1,35.8
3978,3978,Saudi Arabia,,1964,,,,SAU,4677304.0,,10.1,38.7
4047,4047,United Arab Emirates,,1965,,,,ARE,149855.0,,194.0,32.1
4061,4061,Bahrain,,1965,,,,BHR,187432.0,,33.9,36.4
4166,4166,Kuwait,,1965,,,,KWT,472032.0,0.0,95.6,34.3
4221,4221,Oman,,1965,,,,OMN,625006.0,,1.71,41.4
4239,4239,Qatar,,1965,,,,QAT,73631.0,,33.8,35.4
4244,4244,Saudi Arabia,,1965,,,,SAU,4843632.0,,11.0,38.5
4313,4313,United Arab Emirates,,1966,,,,ARE,159979.0,,211.0,32.0
4327,4327,Bahrain,,1966,,,,BHR,191785.0,,35.4,36.3
4432,4432,Kuwait,,1966,,,,KWT,523169.0,0.0,107.0,34.1
4487,4487,Oman,,1966,,,,OMN,642007.0,,1.81,41.3
4505,4505,Qatar,,1966,,,,QAT,79850.0,,42.2,34.9
4510,4510,Saudi Arabia,,1966,,,,SAU,5015353.0,,12.3,38.3
4579,4579,United Arab Emirates,,1967,,,,ARE,169768.0,,226.0,31.8
4593,4593,Bahrain,,1967,,,,BHR,196060.0,,37.0,36.3
4698,4698,Kuwait,,1967,,,,KWT,577164.0,0.0,120.0,33.9
4753,4753,Oman,,1967,,,,OMN,660117.0,,3.04,40.3
4771,4771,Qatar,,1967,,,,QAT,86298.0,,52.6,34.5
4776,4776,Saudi Arabia,,1967,,,,SAU,5195124.0,,13.0,38.2
4845,4845,United Arab Emirates,,1968,,,,ARE,182620.0,,238.0,31.7
4859,4859,Bahrain,,1968,,,,BHR,200652.0,,38.6,36.2
4964,4964,Kuwait,,1968,,,,KWT,632911.0,0.0,135.0,33.7
5019,5019,Oman,,1968,,,,OMN,679592.0,,5.54,39.1
5037,5037,Qatar,,1968,,,,QAT,93206.0,,65.6,34.0
5042,5042,Saudi Arabia,,1968,,,,SAU,5387822.0,,13.8,38.1
5111,5111,United Arab Emirates,,1969,,,,ARE,203103.0,,244.0,31.7
5125,5125,Bahrain,,1969,,,,BHR,206037.0,,40.3,36.1
5230,5230,Kuwait,,1969,,,,KWT,688972.0,0.0,151.0,33.4
5285,5285,Oman,,1969,,,,OMN,700725.0,,6.98,38.6
5303,5303,Qatar,,1969,,,,QAT,100880.0,,81.9,33.6
5308,5308,Saudi Arabia,,1969,,,,SAU,5599909.0,,14.4,38.0
5377,5377,United Arab Emirates,,1970,,,,ARE,234512.0,,248.0,31.7
5391,5391,Bahrain,,1970,,,,BHR,212607.0,,42.2,36.0
5496,5496,Kuwait,,1970,,,,KWT,744444.0,0.0,169.0,33.2
5551,5551,Oman,,1970,,,,OMN,723842.0,,7.23,38.6
5569,5569,Qatar,,1970,,,,QAT,109521.0,,102.0,33.2
5574,5574,Saudi Arabia,,1970,,,,SAU,5836388.0,,15.3,37.9
5643,5643,United Arab Emirates,,1971,,,,ARE,277463.0,0.0,263.0,31.6
5657,5657,Bahrain,,1971,,,,BHR,220311.0,,44.4,35.9
5762,5762,Kuwait,,1971,,,,KWT,798639.0,0.0,169.0,33.2
5817,5817,Oman,,1971,,,,OMN,748968.0,,7.27,38.6
5835,5835,Qatar,,1971,,,,QAT,119413.0,,102.0,33.2
5840,5840,Saudi Arabia,,1971,,,,SAU,6100631.0,,17.0,37.7
5909,5909,United Arab Emirates,,1972,,,,ARE,330968.0,0.0,243.0,31.7
5923,5923,Bahrain,,1972,,,,BHR,229151.0,,46.8,35.8
6028,6028,Kuwait,,1972,,,,KWT,851918.0,0.0,164.0,33.3
6083,6083,Oman,,1972,,,,OMN,776385.0,,7.92,38.4
6101,6101,Qatar,,1972,,,,QAT,130505.0,,103.0,33.2
6106,6106,Saudi Arabia,,1972,,,,SAU,6392973.0,,19.1,37.5
6175,6175,United Arab Emirates,,1973,,,,ARE,394625.0,0.0,237.0,31.7
6189,6189,Bahrain,,1973,,,,BHR,239527.0,,48.7,35.7
6294,6294,Kuwait,,1973,,,,KWT,905639.0,0.0,144.0,33.5
6349,6349,Oman,,1973,,,,OMN,806985.0,,6.78,38.7
6367,6367,Qatar,,1973,,,,QAT,142181.0,,104.0,33.1
6372,6372,Saudi Arabia,,1973,,,,SAU,6711922.0,,22.2,37.2
6441,6441,United Arab Emirates,,1974,,,,ARE,467457.0,0.0,243.0,31.7
6455,6455,Bahrain,,1974,,,,BHR,251908.0,,50.9,35.6
6560,6560,Kuwait,,1974,,,,KWT,961773.0,0.0,117.0,33.9
6615,6615,Oman,,1974,,,,OMN,841952.0,,7.52,38.5
6633,6633,Qatar,,1974,,,,QAT,153624.0,,102.0,33.2
6638,6638,Saudi Arabia,,1974,,,,SAU,7054532.0,,24.8,37.0
6707,6707,United Arab Emirates,,1975,,,,ARE,548295.0,0.0,219.0,31.9
6721,6721,Bahrain,,1975,,,,BHR,266540.0,,43.6,35.9
6826,6826,Kuwait,,1975,,,,KWT,1021725.0,0.0,96.6,34.3
6881,6881,Oman,,1975,,,,OMN,882038.0,,9.3,38.1
6899,6899,Qatar,,1975,,,,QAT,164314.0,,99.9,33.2
6904,6904,Saudi Arabia,,1975,,,,SAU,7419486.0,,23.7,37.0
6973,6973,United Arab Emirates,,1976,,,,ARE,637926.0,0.0,218.0,31.9
6987,6987,Bahrain,,1976,,,,BHR,283746.0,,47.9,35.8
7092,7092,Kuwait,,1976,,,,KWT,1085866.0,0.0,96.7,34.3
7147,7147,Oman,,1976,,,,OMN,927434.0,,10.3,37.9
7165,7165,Qatar,,1976,,,,QAT,173716.0,,102.0,33.2
7170,7170,Saudi Arabia,,1976,,,,SAU,7802928.0,,24.3,37.0
7239,7239,United Arab Emirates,,1977,,,,ARE,735347.0,0.0,223.0,31.9
7253,7253,Bahrain,,1977,,,,BHR,303169.0,,49.4,35.7
7358,7358,Kuwait,,1977,,,,KWT,1153573.0,0.0,87.3,34.5
7413,7413,Oman,,1977,,,,OMN,977804.0,,10.1,37.9
7431,7431,Qatar,,1977,,,,QAT,182319.0,,89.2,33.5
7436,7436,Saudi Arabia,,1977,,,,SAU,8207695.0,,26.3,36.8
7505,7505,United Arab Emirates,,1978,,,,ARE,835498.0,0.0,191.0,32.1
7519,7519,Bahrain,,1978,,,,BHR,323468.0,,49.0,35.7
7624,7624,Kuwait,,1978,,,,KWT,1224063.0,0.0,88.1,34.5
7679,7679,Oman,,1978,,,,OMN,1032797.0,,9.59,38.0
7697,7697,Qatar,,1978,,,,QAT,191947.0,,91.6,33.4
7702,7702,Saudi Arabia,,1978,,,,SAU,8646845.0,,26.0,36.9
7771,7771,United Arab Emirates,,1979,,,,ARE,931752.0,0.0,213.0,31.9
7785,7785,Bahrain,,1979,,,,BHR,342804.0,,46.8,35.8
7890,7890,Kuwait,,1979,,,,KWT,1296077.0,0.0,94.5,34.4
7945,7945,Oman,,1979,,,,OMN,1091858.0,,9.71,38.0
7963,7963,Qatar,,1979,,,,QAT,205172.0,,89.5,33.4
7968,7968,Saudi Arabia,,1979,,,,SAU,9137928.0,,25.8,36.9
8037,8037,United Arab Emirates,,1980,,,,ARE,1019507.0,0.0,243.0,31.7
8051,8051,Bahrain,,1980,,,,BHR,359897.0,,48.6,35.7
8156,8156,Kuwait,,1980,,,,KWT,1368680.0,0.0,71.9,34.9
8211,8211,Oman,,1980,,,,OMN,1154373.0,,10.0,38.0
8229,8229,Qatar,,1980,,,,QAT,223622.0,,80.7,33.6
8234,8234,Saudi Arabia,,1980,,,,SAU,9691471.0,,26.6,36.8
8303,8303,United Arab Emirates,,1981,,,,ARE,1096602.0,0.0,233.0,31.8
8317,8317,Bahrain,,1981,,,,BHR,374120.0,,46.6,35.8
8422,8422,Kuwait,,1981,,,,KWT,1439334.0,0.0,55.3,35.4
8477,8477,Oman,,1981,,,,OMN,1220578.0,,11.4,37.7
8495,8495,Qatar,,1981,,,,QAT,247984.0,,72.9,33.8
8500,8500,Saudi Arabia,,1981,,,,SAU,10311771.0,,27.0,36.8
8569,8569,United Arab Emirates,,1982,,,,ARE,1164816.0,0.0,204.0,32.0
8583,8583,Bahrain,,1982,,,,BHR,385953.0,,46.6,35.8
8688,8688,Kuwait,,1982,,,,KWT,1507636.0,0.0,46.5,35.8
8743,8743,Oman,,1982,,,,OMN,1290121.0,,12.3,37.5
8761,8761,Qatar,,1982,,,,QAT,277229.0,,60.3,34.2
8766,8766,Saudi Arabia,,1982,,,,SAU,10988851.0,,25.9,36.9
8835,8835,United Arab Emirates,,1983,,,,ARE,1228457.0,0.0,184.0,32.2
8849,8849,Bahrain,,1983,,,,BHR,396451.0,,47.2,35.8
8954,8954,Kuwait,,1983,,,,KWT,1576975.0,0.0,47.8,35.7
9009,9009,Oman,,1983,,,,OMN,1361085.0,,14.0,37.3
9027,9027,Qatar,,1983,,,,QAT,309299.0,,52.7,34.5
9032,9032,Saudi Arabia,,1983,,,,SAU,11701132.0,,21.8,37.2
9101,9101,United Arab Emirates,,1984,,,,ARE,1293970.0,0.0,182.0,32.3
9115,9115,Bahrain,,1984,,,,BHR,407233.0,,46.8,35.8
9220,9220,Kuwait,,1984,,,,KWT,1652150.0,0.0,47.9,35.7
9275,9275,Oman,,1984,,,,OMN,1431066.0,,16.0,37.0
9293,9293,Qatar,,1984,,,,QAT,341272.0,,49.6,34.6
9298,9298,Saudi Arabia,,1984,,,,SAU,12418836.0,,20.6,37.3
9367,9367,United Arab Emirates,,1985,,,,ARE,1366165.0,0.0,166.0,32.4
9381,9381,Bahrain,,1985,,,,BHR,419428.0,,44.7,35.9
9486,9486,Kuwait,,1985,,,,KWT,1735278.0,0.0,43.6,35.9
9541,9541,Oman,,1985,,,,OMN,1498413.0,,17.9,36.8
9559,9559,Qatar,,1985,,,,QAT,370886.0,,44.3,34.8
9564,9564,Saudi Arabia,,1985,,,,SAU,13118998.0,,18.2,37.6
9633,9633,United Arab Emirates,,1986,,,,ARE,1446386.0,0.0,134.0,32.9
9647,9647,Bahrain,,1986,,,,BHR,433478.0,,44.1,35.9
9752,9752,Kuwait,,1986,,,,KWT,1832302.0,0.0,44.7,35.8
9807,9807,Oman,,1986,,,,OMN,1561180.0,,18.0,36.8
9825,9825,Qatar,,1986,,,,QAT,397739.0,,43.2,34.9
9830,9830,Saudi Arabia,,1986,,,,SAU,13794167.0,,16.3,37.8
9899,9899,United Arab Emirates,,1987,,,,ARE,1533526.0,0.0,130.0,32.9
9913,9913,Bahrain,,1987,,,,BHR,448981.0,,43.8,35.9
10018,10018,Kuwait,,1987,,,,KWT,1938916.0,0.0,45.5,35.8
10073,10073,Oman,,1987,,,,OMN,1619871.0,,19.1,36.7
10091,10091,Qatar,,1987,,,,QAT,422154.0,,40.4,35.0
10096,10096,Saudi Arabia,,1987,,,,SAU,14445663.0,,16.3,37.8
10165,10165,United Arab Emirates,,1988,,,,ARE,1627068.0,0.0,120.0,33.1
10179,10179,Bahrain,,1988,,,,BHR,465198.0,,44.4,35.9
10284,10284,Kuwait,,1988,,,,KWT,2034850.0,0.0,38.9,36.1
10339,10339,Oman,,1988,,,,OMN,1678119.0,,19.4,36.6
10357,10357,Qatar,,1988,,,,QAT,443611.0,,40.4,35.0
10362,10362,Saudi Arabia,,1988,,,,SAU,15070082.0,,16.1,37.8
10431,10431,United Arab Emirates,,1989,,,,ARE,1725676.0,0.0,127.0,33.0
10445,10445,Bahrain,,1989,,,,BHR,481081.0,,44.9,35.9
10550,10550,Kuwait,,1989,,,,KWT,2092786.0,0.0,47.5,35.7
10605,10605,Oman,,1989,,,,OMN,1741155.0,,19.8,36.6
10623,10623,Qatar,,1989,,,,QAT,461688.0,,41.0,35.0
10628,10628,Saudi Arabia,,1989,,,,SAU,15666289.0,,16.1,37.8
10697,10697,United Arab Emirates,,1990,,,,ARE,1828437.0,0.0,141.0,32.8
10711,10711,Bahrain,,1990,,,,BHR,495927.0,,44.5,35.9
10816,10816,Kuwait,,1990,,,,KWT,2095350.0,0.0,34.9,36.3
10871,10871,Oman,,1990,,,,OMN,1812158.0,,19.5,36.6
10889,10889,Qatar,,1990,,,,QAT,476275.0,,40.7,35.0
10894,10894,Saudi Arabia,,1990,,,,SAU,16233786.0,,18.1,37.6
10963,10963,United Arab Emirates,,1991,,,,ARE,1937159.0,0.0,135.0,32.8
10977,10977,Bahrain,,1991,,,,BHR,509762.0,,48.1,35.7
11082,11082,Kuwait,,1991,,,,KWT,2031297.0,0.0,21.2,37.3
11137,11137,Oman,,1991,,,,OMN,1893761.0,,19.8,36.6
11155,11155,Qatar,,1991,,,,QAT,487354.0,,38.9,35.1
11160,11160,Saudi Arabia,,1991,,,,SAU,16772695.0,,21.2,37.3
11229,11229,United Arab Emirates,,1992,,,,ARE,2052892.0,0.0,131.0,32.8
11243,11243,Bahrain,,1992,,,,BHR,523082.0,,50.0,35.7
11348,11348,Kuwait,,1992,,,,KWT,,0.0,41.1,36.0
11403,11403,Oman,,1992,,,,OMN,1983272.0,,20.5,36.5
11421,11421,Qatar,,1992,,,,QAT,495403.0,,42.2,34.9
11426,11426,Saudi Arabia,,1992,,,,SAU,17282686.0,,22.6,37.1
11495,11495,United Arab Emirates,,1993,,,,ARE,2173135.0,0.0,126.0,32.9
11509,11509,Bahrain,,1993,,,,BHR,536212.0,,55.1,35.5
11614,11614,Kuwait,,1993,,,,KWT,,0.58,59.1,35.3
11669,11669,Oman,,1993,,,,OMN,2072106.0,,20.8,36.5
11687,11687,Qatar,,1993,,,,QAT,501479.0,,40.8,35.0
11692,11692,Saudi Arabia,,1993,,,,SAU,17763297.0,,22.8,37.1
11761,11761,United Arab Emirates,,1994,,,,ARE,2294377.0,0.0,127.0,32.7
11775,11775,Bahrain,,1994,,,,BHR,549590.0,,53.6,35.5
11880,11880,Kuwait,,1994,,,,KWT,,1.2,68.4,35.0
11935,11935,Oman,,1994,,,,OMN,2148416.0,,20.9,36.5
11953,11953,Qatar,,1994,,,,QAT,507044.0,,40.6,35.0
11958,11958,Saudi Arabia,,1994,,,,SAU,18214475.0,,23.6,37.0
12027,12027,United Arab Emirates,,1995,,,,ARE,2415099.0,0.0,129.0,32.6
12041,12041,Bahrain,,1995,,,,BHR,563698.0,,54.3,35.5
12146,12146,Kuwait,,1995,,,,KWT,1605907.0,1.84,71.4,34.9
12201,12201,Oman,,1995,,,,OMN,2204267.0,,21.3,36.5
12219,12219,Qatar,,1995,,,,QAT,513447.0,,40.8,35.0
12224,12224,Saudi Arabia,,1995,,,,SAU,18638790.0,,24.3,37.0
12293,12293,United Arab Emirates,,1996,,,,ARE,2539121.0,0.0,130.0,32.6
12307,12307,Bahrain,,1996,,,,BHR,578661.0,,55.1,35.5
12412,12412,Kuwait,,1996,,,,KWT,1626858.0,2.52,70.9,34.9
12467,12467,Oman,,1996,,,,OMN,2236652.0,,21.7,36.4
12485,12485,Qatar,,1996,,,,QAT,522531.0,,41.5,35.0
12490,12490,Saudi Arabia,,1996,,,,SAU,19033843.0,,25.6,36.9
12559,12559,United Arab Emirates,,1997,,,,ARE,2671361.0,0.0,133.0,32.4
12573,12573,Bahrain,,1997,,,,BHR,594927.0,,55.2,35.5
12678,12678,Kuwait,,1997,,,,KWT,1710257.0,3.23,69.2,35.0
12733,12733,Oman,,1997,,,,OMN,2249759.0,,22.8,36.3
12751,12751,Qatar,,1997,,,,QAT,535320.0,,52.2,34.5
12756,12756,Saudi Arabia,,1997,,,,SAU,19407138.0,,26.6,36.8
12825,12825,United Arab Emirates,,1998,,,,ARE,2813214.0,0.0,127.0,32.4
12839,12839,Bahrain,,1998,,,,BHR,613697.0,,56.1,35.4
12944,12944,Kuwait,,1998,,,,KWT,1831121.0,3.97,67.0,35.0
12999,12999,Oman,,1998,,,,OMN,2251859.0,,23.4,36.3
13017,13017,Qatar,,1998,,,,QAT,551566.0,,55.9,34.4
13022,13022,Saudi Arabia,,1998,,,,SAU,19783301.0,,28.1,36.7
13091,13091,United Arab Emirates,,1999,,,,ARE,2966029.0,0.0,124.0,32.4
13105,13105,Bahrain,,1999,,,,BHR,636540.0,,56.4,35.4
13210,13210,Kuwait,,1999,,,,KWT,1951642.0,4.76,61.7,35.2
13265,13265,Oman,,1999,,,,OMN,2254898.0,,23.5,36.3
13283,13283,Qatar,,1999,,,,QAT,570486.0,,55.9,34.4
13288,13288,Saudi Arabia,,1999,,,,SAU,20194531.0,,27.8,36.7
13357,13357,United Arab Emirates,,2000,,,,ARE,3134067.0,0.0,130.0,32.2
13371,13371,Bahrain,,2000,,,,BHR,664610.0,,56.9,35.4
13476,13476,Kuwait,,2000,,,,KWT,2045123.0,3.14,61.6,35.2
13531,13531,Oman,,2000,,,,OMN,2267973.0,,24.9,36.1
13549,13549,Qatar,,2000,,,,QAT,592467.0,,57.6,34.3
13554,13554,Saudi Arabia,,2000,,,,SAU,20663840.0,,30.2,36.6
13623,13623,United Arab Emirates,,2001,,,,ARE,3302722.0,0.0,210.0,32.2
13637,13637,Bahrain,,2001,,,,BHR,697550.0,,55.6,35.5
13742,13742,Kuwait,,2001,,,,KWT,2103273.0,1.87,60.1,35.3
13797,13797,Oman,,2001,,,,OMN,2294959.0,,25.7,36.1
13815,13815,Qatar,,2001,,,,QAT,615013.0,,57.7,34.3
13820,13820,Saudi Arabia,,2001,,,,SAU,21202646.0,,30.5,36.5
13889,13889,United Arab Emirates,,2002,,,,ARE,3478769.0,0.0,211.0,32.1
13903,13903,Bahrain,,2002,,,,BHR,735140.0,,54.5,35.5
14008,14008,Kuwait,,2002,,,,KWT,2136991.0,0.84,60.9,35.2
14063,14063,Oman,,2002,,,,OMN,2334860.0,,25.0,36.1
14081,14081,Qatar,,2002,,,,QAT,640872.0,,59.3,34.3
14086,14086,Saudi Arabia,,2002,,,,SAU,21805322.0,,30.3,36.5
14155,14155,United Arab Emirates,,2003,,,,ARE,3711931.0,0.0,202.0,32.0
14169,14169,Bahrain,,2003,,,,BHR,778708.0,,54.7,35.5
14274,14274,Kuwait,,2003,,,,KWT,2161626.0,0.0,70.6,34.9
14329,14329,Oman,,2003,,,,OMN,2386164.0,7.8,23.8,36.2
14347,14347,Qatar,,2003,,,,QAT,681791.0,,57.9,34.3
14352,14352,Saudi Arabia,,2003,,,,SAU,22456645.0,,34.5,36.3
14421,14421,United Arab Emirates,,2004,,,,ARE,4068577.0,1.0,205.0,31.9
14435,14435,Bahrain,,2004,,,,BHR,829846.0,,54.9,35.5
14540,14540,Kuwait,,2004,,,,KWT,2200498.0,0.51,76.5,34.8
14595,14595,Oman,,2004,,,,OMN,2445524.0,8.15,23.5,36.3
14613,14613,Qatar,,2004,,,,QAT,753332.0,,62.4,34.1
14618,14618,Saudi Arabia,,2004,,,,SAU,23132686.0,,38.1,36.1
16446,16446,United Arab Emirates,,1945,,,,,,,57.4,34.3
16459,16459,Bahrain,,1945,,,,,,,12.2,38.4
16536,16536,Kuwait,,1945,,,,,,,3.46,40.9
16575,16575,Oman,,1945,,,,,,,0.88,42.7
16586,16586,Qatar,,1945,,,,,,,785.0,42.8
16590,16590,Saudi Arabia,,1945,,,,,,,3.76,40.7
16631,16631,Yemen,,1945,,,,,,,1.95,37.5
16639,16639,United Arab Emirates,,1946,,,,,,,60.3,34.2
16652,16652,Bahrain,,1946,,,,,,,13.5,38.2
16729,16729,Kuwait,,1946,,,,,,,3.55,40.8
16768,16768,Oman,,1946,,,,,,,874.0,42.7
16779,16779,Qatar,,1946,,,,,,,792.0,42.7
16783,16783,Saudi Arabia,,1946,,,,,,,3.89,40.6
16824,16824,Yemen,,1946,,,,,,,1.97,37.4
16832,16832,United Arab Emirates,,1947,,,,,,,63.4,34.1
16845,16845,Bahrain,,1947,,,,,,,15.0,38.0
16922,16922,Kuwait,,1947,,,,,,,4.64,40.3
16961,16961,Oman,,1947,,,,,,,866.0,42.8
16972,16972,Qatar,,1947,,,,,,,799.0,42.7
16976,16976,Saudi Arabia,,1947,,,,,,,4.03,40.5
17017,17017,Yemen,,1947,,,,,,,2.0,37.4
17025,17025,United Arab Emirates,,1948,,,,,,,66.5,34.1
17038,17038,Bahrain,,1948,,,,,,,16.7,37.8
17115,17115,Kuwait,,1948,,,,,,,6.08,39.8
17154,17154,Oman,,1948,,,,,,,858.0,42.8
17165,17165,Qatar,,1948,,,,,,,806.0,42.7
17169,17169,Saudi Arabia,,1948,,,,,,,4.18,40.5
17210,17210,Yemen,,1948,,,,,,,2.03,37.4
17218,17218,United Arab Emirates,,1949,,,,,,,69.8,34.0
17231,17231,Bahrain,,1949,,,,,,,18.6,37.6
17308,17308,Kuwait,,1949,,,,,,,7.96,39.2
17347,17347,Oman,,1949,,,,,,,849.0,42.8
17358,17358,Qatar,,1949,,,,,,,976.0,42.3
17362,17362,Saudi Arabia,,1949,,,,,,,4.33,40.4
17403,17403,Yemen,,1949,,,,,,,2.06,37.4
17411,17411,United Arab Emirates,,1950,,,,,,,73.2,33.9
17424,17424,Bahrain,,1950,,,,,,,20.7,37.4
17501,17501,Kuwait,,1950,,,,,,,10.4,38.7
17540,17540,Oman,,1950,,,,,,,839.0,42.8
17551,17551,Qatar,,1950,,,,,,,1.18,42.0
17555,17555,Saudi Arabia,,1950,,,,,,,4.49,40.3
17596,17596,Yemen,,1950,,,,,,,2.08,37.4
17604,17604,United Arab Emirates,,1951,,,,,,,79.6,33.7
17617,17617,Bahrain,,1951,,,,,,,21.5,37.3
17694,17694,Kuwait,,1951,,,,,,,13.6,38.2
17733,17733,Oman,,1951,,,,,,,876.0,42.7
17744,17744,Qatar,,1951,,,,,,,1.43,41.6
17748,17748,Saudi Arabia,,1951,,,,,,,4.77,40.2
17789,17789,Yemen,,1951,,,,,,,2.1,37.4
17797,17797,United Arab Emirates,,1952,,,,,,,82.1,33.7
17810,17810,Bahrain,,1952,,,,,,,22.5,37.2
17887,17887,Kuwait,,1952,,,,,,,17.8,37.6
17926,17926,Oman,,1952,,,,,,,912.0,42.7
17937,17937,Qatar,,1952,,,,,,,1.79,41.1
17941,17941,Saudi Arabia,,1952,,,,,,,4.97,40.1
17982,17982,Yemen,,1952,,,,,,,2.11,37.4
17990,17990,United Arab Emirates,,1953,,,,,,,87.7,33.6
18003,18003,Bahrain,,1953,,,,,,,23.4,37.2
18080,18080,Kuwait,,1953,,,,,,,23.3,37.1
18119,18119,Oman,,1953,,,,,,,952.0,42.6
18130,18130,Qatar,,1953,,,,,,,2.25,40.7
18134,18134,Saudi Arabia,,1953,,,,,,,5.36,40.0
18175,18175,Yemen,,1953,,,,,,,2.13,37.4
18183,18183,United Arab Emirates,,1954,,,,,,,94.7,33.4
18196,18196,Bahrain,,1954,,,,,,,24.3,37.1
18273,18273,Kuwait,,1954,,,,,,,26.2,36.9
18312,18312,Oman,,1954,,,,,,,991.0,42.5
18323,18323,Qatar,,1954,,,,,,,2.83,40.2
18327,18327,Saudi Arabia,,1954,,,,,,,5.86,39.8
18368,18368,Yemen,,1954,,,,,,,2.14,37.4
18376,18376,United Arab Emirates,,1955,,,,,,,93.7,33.4
18389,18389,Bahrain,,1955,,,,,,,25.3,37.0
18466,18466,Kuwait,,1955,,,,,,,29.5,36.6
18505,18505,Oman,,1955,,,,,,,1.03,42.4
18516,18516,Qatar,,1955,,,,,,,3.56,39.8
18520,18520,Saudi Arabia,,1955,,,,,,,5.88,39.8
18561,18561,Yemen,,1955,,,,,,,2.16,37.4
18569,18569,United Arab Emirates,,1956,,,,,,,97.1,33.4
18582,18582,Bahrain,,1956,,,,,,,26.2,36.9
18659,18659,Kuwait,,1956,,,,,,,33.2,36.4
18698,18698,Oman,,1956,,,,,,,1.08,42.3
18709,18709,Qatar,,1956,,,,,,,4.47,39.3
18713,18713,Saudi Arabia,,1956,,,,,,,6.18,39.7
18754,18754,Yemen,,1956,,,,,,,2.16,37.4
18762,18762,United Arab Emirates,,1957,,,,,,,96.6,33.4
18775,18775,Bahrain,,1957,,,,,,,27.0,36.9
18852,18852,Kuwait,,1957,,,,,,,37.4,36.2
18891,18891,Oman,,1957,,,,,,,1.12,42.3
18902,18902,Qatar,,1957,,,,,,,5.62,38.9
18906,18906,Saudi Arabia,,1957,,,,,,,6.27,39.6
18947,18947,Yemen,,1957,,,,,,,2.18,37.4
18955,18955,United Arab Emirates,,1958,,,,,,,97.0,33.4
18968,18968,Bahrain,,1958,,,,,,,27.8,36.8
19045,19045,Kuwait,,1958,,,,,,,42.0,36.0
19084,19084,Oman,,1958,,,,,,,1.17,42.2
19095,19095,Qatar,,1958,,,,,,,7.06,38.4
19099,19099,Saudi Arabia,,1958,,,,,,,6.44,39.6
19140,19140,Yemen,,1958,,,,,,,2.19,37.3
19148,19148,United Arab Emirates,,1959,,,,,,,102.0,33.3
19161,19161,Bahrain,,1959,,,,,,,28.5,36.8
19238,19238,Kuwait,,1959,,,,,,,47.3,35.7
19277,19277,Oman,,1959,,,,,,,1.21,42.1
19288,19288,Qatar,,1959,,,,,,,8.87,38.0
19292,19292,Saudi Arabia,,1959,,,,,,,6.95,39.5
19333,19333,Yemen,,1959,,,,,,,2.2,37.3
19349,19349,Yemen,,1960,,,,,,,2.21,37.3
19362,19362,Yemen,,1961,,,,,,,2.22,37.3
19375,19375,Yemen,,1962,,,,,,,2.23,37.3
19388,19388,Yemen,,1963,,,,,,,2.25,37.3
19401,19401,Yemen,,1964,,,,,,,2.26,37.3
19414,19414,Yemen,,1965,,,,,,,2.28,37.3
19427,19427,Yemen,,1966,,,,,,,2.3,37.3
19440,19440,Yemen,,1967,,,,,,,2.33,37.3
19453,19453,Yemen,,1968,,,,,,,2.35,37.3
19466,19466,Yemen,,1969,,,,,,,2.38,37.2
19479,19479,Yemen,,1970,,,,,,,2.81,37.2
19492,19492,Yemen,,1971,,,,,,,3.24,37.2
19505,19505,Yemen,,1972,,,,,,,3.42,37.2
19518,19518,Yemen,,1973,,,,,,,3.75,37.2
19531,19531,Yemen,,1974,,,,,,,3.88,37.2
19544,19544,Yemen,,1975,,,,,,,4.08,37.2
19557,19557,Yemen,,1976,,,,,,,4.58,37.2
19570,19570,Yemen,,1977,,,,,,,4.95,37.2
19583,19583,Yemen,,1978,,,,,,,5.22,37.2
19596,19596,Yemen,,1979,,,,,,,5.36,37.2
19609,19609,Yemen,,1980,,,,,,,5.24,37.2
19622,19622,Yemen,,1981,,,,,,,5.41,37.2
19635,19635,Yemen,,1982,,,,,,,5.35,37.2
19648,19648,Yemen,,1983,,,,,,,5.49,37.2
19661,19661,Yemen,,1984,,,,,,,5.54,37.2
19674,19674,Yemen,,1985,,,,,,,5.34,37.2
19687,19687,Yemen,,1986,,,,,,,5.29,37.2
19700,19700,Yemen,,1987,,,,,,,5.33,37.2
19713,19713,Yemen,,1988,,,,,,,5.38,37.2
19726,19726,Yemen,,1989,,,,,,,5.39,37.2
19739,19739,Yemen,,1990,,,,,,3.32,5.2,37.2
19752,19752,Yemen,,1991,,,,,,2.44,5.26,37.1
19765,19765,Yemen,,1992,,,,,,1.55,5.41,36.9
19778,19778,Yemen,,1993,,,,,,0.66,5.34,36.7
19791,19791,Yemen,,1994,,,,,,0.66,5.44,36.4
19804,19804,Yemen,,1995,,,,,,0.66,5.51,36.0
19817,19817,Yemen,,1996,,,,,,0.66,5.56,35.6
19830,19830,Yemen,,1997,,,,,,0.66,5.66,35.3
19843,19843,Yemen,,1998,,,,,,0.79,5.83,35.0
19856,19856,Yemen,,1999,,,,,,0.97,5.68,35.0
19869,19869,Yemen,,2000,,,,,,1.26,5.65,34.9
19882,19882,Yemen,,2001,,,,,,1.8,5.49,34.9
19895,19895,Yemen,,2002,,,,,,0.73,5.33,34.9
19908,19908,Yemen,,2003,,,,,,0.33,5.15,34.8
19921,19921,Yemen,,2004,,,,,,0.39,4.99,34.8
19963,19963,United Arab Emirates,,1800,,,,,,,2.9,39.8
19976,19976,Bahrain,,1800,,,,,,,1.59,42.5
20054,20054,Kuwait,,1800,,,,,,,1.37,42.7
20092,20092,Oman,,1800,,,,,,,752.0,43.0
20104,20104,Qatar,,1800,,,,,,,816.0,42.7
20108,20108,Saudi Arabia,,1800,,,,,,,992.0,43.3
20150,20150,Yemen,,1800,,,,,,,1.22,49.8
20158,20158,United Arab Emirates,,1801,,,,,,,2.91,39.8
20171,20171,Bahrain,,1801,,,,,,,1.6,42.4
20249,20249,Kuwait,,1801,,,,,,,1.38,42.7
20287,20287,Oman,,1801,,,,,,,752.0,43.0
20299,20299,Qatar,,1801,,,,,,,0.82,42.7
20303,20303,Saudi Arabia,,1801,,,,,,,992.0,43.3
20345,20345,Yemen,,1801,,,,,,,1.23,49.8
20353,20353,United Arab Emirates,,1802,,,,,,,2.92,39.8
20366,20366,Bahrain,,1802,,,,,,,1.6,42.4
20444,20444,Kuwait,,1802,,,,,,,1.38,42.7
20482,20482,Oman,,1802,,,,,,,752.0,43.0
20494,20494,Qatar,,1802,,,,,,,822.0,42.7
20498,20498,Saudi Arabia,,1802,,,,,,,993.0,43.3
20540,20540,Yemen,,1802,,,,,,,1.23,49.8
20548,20548,United Arab Emirates,,1803,,,,,,,2.93,39.8
20561,20561,Bahrain,,1803,,,,,,,1.61,42.4
20639,20639,Kuwait,,1803,,,,,,,1.39,42.7
20677,20677,Oman,,1803,,,,,,,752.0,43.0
20689,20689,Qatar,,1803,,,,,,,826.0,42.7
20693,20693,Saudi Arabia,,1803,,,,,,,993.0,43.3
20735,20735,Yemen,,1803,,,,,,,1.23,49.8
20743,20743,United Arab Emirates,,1804,,,,,,,2.94,39.8
20756,20756,Bahrain,,1804,,,,,,,1.62,42.4
20834,20834,Kuwait,,1804,,,,,,,1.4,42.6
20872,20872,Oman,,1804,,,,,,,752.0,43.0
20884,20884,Qatar,,1804,,,,,,,829.0,42.6
20888,20888,Saudi Arabia,,1804,,,,,,,994.0,43.3
20930,20930,Yemen,,1804,,,,,,,1.24,49.8
20938,20938,United Arab Emirates,,1805,,,,,,,2.95,39.8
20951,20951,Bahrain,,1805,,,,,,,1.63,42.4
21029,21029,Kuwait,,1805,,,,,,,1.4,42.6
21067,21067,Oman,,1805,,,,,,,752.0,43.0
21079,21079,Qatar,,1805,,,,,,,832.0,42.6
21083,21083,Saudi Arabia,,1805,,,,,,,994.0,43.3
21125,21125,Yemen,,1805,,,,,,,1.24,49.8
21133,21133,United Arab Emirates,,1806,,,,,,,2.96,39.8
21146,21146,Bahrain,,1806,,,,,,,1.63,42.4
21224,21224,Kuwait,,1806,,,,,,,1.41,42.6
21262,21262,Oman,,1806,,,,,,,752.0,43.0
21274,21274,Qatar,,1806,,,,,,,835.0,42.6
21278,21278,Saudi Arabia,,1806,,,,,,,995.0,43.3
21320,21320,Yemen,,1806,,,,,,,1.24,49.8
21328,21328,United Arab Emirates,,1807,,,,,,,2.97,39.7
21341,21341,Bahrain,,1807,,,,,,,1.64,42.4
21419,21419,Kuwait,,1807,,,,,,,1.41,42.6
21457,21457,Oman,,1807,,,,,,,752.0,43.0
21469,21469,Qatar,,1807,,,,,,,838.0,42.6
21473,21473,Saudi Arabia,,1807,,,,,,,996.0,43.3
21515,21515,Yemen,,1807,,,,,,,1.25,49.8
21523,21523,United Arab Emirates,,1808,,,,,,,2.98,39.7
21536,21536,Bahrain,,1808,,,,,,,1.65,42.4
21614,21614,Kuwait,,1808,,,,,,,1.42,42.6
21652,21652,Oman,,1808,,,,,,,753.0,43.0
21664,21664,Qatar,,1808,,,,,,,842.0,42.6
21668,21668,Saudi Arabia,,1808,,,,,,,996.0,43.3
21710,21710,Yemen,,1808,,,,,,,1.25,49.8
21718,21718,United Arab Emirates,,1809,,,,,,,3.0,39.7
21731,21731,Bahrain,,1809,,,,,,,1.65,42.4
21809,21809,Kuwait,,1809,,,,,,,1.42,42.6
21847,21847,Oman,,1809,,,,,,,753.0,43.0
21859,21859,Qatar,,1809,,,,,,,845.0,42.6
21863,21863,Saudi Arabia,,1809,,,,,,,997.0,43.3
21905,21905,Yemen,,1809,,,,,,,1.25,49.8
21913,21913,United Arab Emirates,,1810,,,,,,,3.01,39.7
21926,21926,Bahrain,,1810,,,,,,,1.66,42.4
22004,22004,Kuwait,,1810,,,,,,,1.43,42.6
22042,22042,Oman,,1810,,,,,,,753.0,43.0
22054,22054,Qatar,,1810,,,,,,,848.0,42.6
22058,22058,Saudi Arabia,,1810,,,,,,,998.0,43.3
22100,22100,Yemen,,1810,,,,,,,1.26,49.8
22108,22108,United Arab Emirates,,1811,,,,,,,3.02,39.7
22121,22121,Bahrain,,1811,,,,,,,1.67,42.4
22199,22199,Kuwait,,1811,,,,,,,1.43,42.6
22237,22237,Oman,,1811,,,,,,,753.0,43.0
22249,22249,Qatar,,1811,,,,,,,851.0,42.6
22253,22253,Saudi Arabia,,1811,,,,,,,998.0,43.3
22295,22295,Yemen,,1811,,,,,,,1.26,49.8
22303,22303,United Arab Emirates,,1812,,,,,,,3.03,39.7
22316,22316,Bahrain,,1812,,,,,,,1.67,42.4
22394,22394,Kuwait,,1812,,,,,,,1.44,42.6
22432,22432,Oman,,1812,,,,,,,753.0,43.0
22444,22444,Qatar,,1812,,,,,,,855.0,42.6
22448,22448,Saudi Arabia,,1812,,,,,,,999.0,43.3
22490,22490,Yemen,,1812,,,,,,,1.27,49.8
22498,22498,United Arab Emirates,,1813,,,,,,,3.04,39.7
22511,22511,Bahrain,,1813,,,,,,,1.68,42.3
22589,22589,Kuwait,,1813,,,,,,,1.44,42.6
22627,22627,Oman,,1813,,,,,,,753.0,43.0
22639,22639,Qatar,,1813,,,,,,,858.0,42.6
22643,22643,Saudi Arabia,,1813,,,,,,,999.0,43.3
22685,22685,Yemen,,1813,,,,,,,1.27,49.8
22693,22693,United Arab Emirates,,1814,,,,,,,3.05,39.7
22706,22706,Bahrain,,1814,,,,,,,1.69,42.3
22784,22784,Kuwait,,1814,,,,,,,1.45,42.6
22822,22822,Oman,,1814,,,,,,,753.0,43.0
22834,22834,Qatar,,1814,,,,,,,0.86,42.6
22838,22838,Saudi Arabia,,1814,,,,,,,1.0,43.3
22880,22880,Yemen,,1814,,,,,,,1.27,49.8
22888,22888,United Arab Emirates,,1815,,,,,,,3.07,39.7
22901,22901,Bahrain,,1815,,,,,,,1.7,42.3
22979,22979,Kuwait,,1815,,,,,,,1.46,42.6
23017,23017,Oman,,1815,,,,,,,754.0,43.0
23029,23029,Qatar,,1815,,,,,,,864.0,42.6
23033,23033,Saudi Arabia,,1815,,,,,,,1.0,43.3
23075,23075,Yemen,,1815,,,,,,,1.28,49.8
23083,23083,United Arab Emirates,,1816,,,,,,,3.08,39.7
23096,23096,Bahrain,,1816,,,,,,,1.7,42.3
23174,23174,Kuwait,,1816,,,,,,,1.46,42.6
23212,23212,Oman,,1816,,,,,,,754.0,43.0
23224,23224,Qatar,,1816,,,,,,,868.0,42.6
23228,23228,Saudi Arabia,,1816,,,,,,,1.0,43.3
23270,23270,Yemen,,1816,,,,,,,1.28,49.8
23278,23278,United Arab Emirates,,1817,,,,,,,3.09,39.7
23291,23291,Bahrain,,1817,,,,,,,1.71,42.3
23369,23369,Kuwait,,1817,,,,,,,1.47,42.6
23407,23407,Oman,,1817,,,,,,,754.0,43.0
23419,23419,Qatar,,1817,,,,,,,0.87,42.6
23423,23423,Saudi Arabia,,1817,,,,,,,1.0,43.3
23465,23465,Yemen,,1817,,,,,,,1.28,49.8
23473,23473,United Arab Emirates,,1818,,,,,,,3.1,39.7
23486,23486,Bahrain,,1818,,,,,,,1.72,42.3
23564,23564,Kuwait,,1818,,,,,,,1.47,42.5
23602,23602,Oman,,1818,,,,,,,754.0,43.0
23614,23614,Qatar,,1818,,,,,,,874.0,42.5
23618,23618,Saudi Arabia,,1818,,,,,,,1.0,43.3
23660,23660,Yemen,,1818,,,,,,,1.29,49.8
23668,23668,United Arab Emirates,,1819,,,,,,,3.11,39.7
23681,23681,Bahrain,,1819,,,,,,,1.73,42.3
23759,23759,Kuwait,,1819,,,,,,,1.48,42.5
23797,23797,Oman,,1819,,,,,,,754.0,43.0
23809,23809,Qatar,,1819,,,,,,,877.0,42.5
23813,23813,Saudi Arabia,,1819,,,,,,,1.0,43.3
23855,23855,Yemen,,1819,,,,,,,1.29,49.9
23863,23863,United Arab Emirates,,1820,,,,,,,3.12,39.6
23876,23876,Bahrain,,1820,,,,,,,1.73,42.3
23954,23954,Kuwait,,1820,,,,,,,1.48,42.5
23992,23992,Oman,,1820,,,,,,,754.0,43.0
24004,24004,Qatar,,1820,,,,,,,0.88,42.5
24008,24008,Saudi Arabia,,1820,,,,,,,1.01,43.3
24050,24050,Yemen,,1820,,,,,,,1.3,50.0
24058,24058,United Arab Emirates,,1821,,,,,,,3.13,39.6
24071,24071,Bahrain,,1821,,,,,,,1.74,42.3
24149,24149,Kuwait,,1821,,,,,,,1.49,42.5
24187,24187,Oman,,1821,,,,,,,757.0,43.0
24199,24199,Qatar,,1821,,,,,,,884.0,42.5
24203,24203,Saudi Arabia,,1821,,,,,,,1.01,43.3
24245,24245,Yemen,,1821,,,,,,,1.3,50.1
24253,24253,United Arab Emirates,,1822,,,,,,,3.15,39.6
24266,24266,Bahrain,,1822,,,,,,,1.75,42.3
24344,24344,Kuwait,,1822,,,,,,,1.49,42.5
24382,24382,Oman,,1822,,,,,,,0.76,43.0
24394,24394,Qatar,,1822,,,,,,,887.0,42.5
24398,24398,Saudi Arabia,,1822,,,,,,,1.01,43.3
24440,24440,Yemen,,1822,,,,,,,1.3,50.2
24448,24448,United Arab Emirates,,1823,,,,,,,3.16,39.6
24461,24461,Bahrain,,1823,,,,,,,1.76,42.3
24539,24539,Kuwait,,1823,,,,,,,1.5,42.5
24577,24577,Oman,,1823,,,,,,,764.0,43.0
24589,24589,Qatar,,1823,,,,,,,0.89,42.5
24593,24593,Saudi Arabia,,1823,,,,,,,1.01,43.3
24635,24635,Yemen,,1823,,,,,,,1.31,50.3
24643,24643,United Arab Emirates,,1824,,,,,,,3.17,39.6
24656,24656,Bahrain,,1824,,,,,,,1.76,42.3
24734,24734,Kuwait,,1824,,,,,,,1.5,42.5
24772,24772,Oman,,1824,,,,,,,767.0,43.0
24784,24784,Qatar,,1824,,,,,,,894.0,42.5
24788,24788,Saudi Arabia,,1824,,,,,,,1.01,43.3
24830,24830,Yemen,,1824,,,,,,,1.31,50.4
24838,24838,United Arab Emirates,,1825,,,,,,,3.18,39.6
24851,24851,Bahrain,,1825,,,,,,,1.77,42.2
24929,24929,Kuwait,,1825,,,,,,,1.51,42.5
24967,24967,Oman,,1825,,,,,,,0.77,43.0
24979,24979,Qatar,,1825,,,,,,,897.0,42.5
24983,24983,Saudi Arabia,,1825,,,,,,,1.01,43.3
25025,25025,Yemen,,1825,,,,,,,1.31,50.5
25033,25033,United Arab Emirates,,1826,,,,,,,3.19,39.6
25046,25046,Bahrain,,1826,,,,,,,1.78,42.2
25124,25124,Kuwait,,1826,,,,,,,1.52,42.5
25162,25162,Oman,,1826,,,,,,,773.0,43.0
25174,25174,Qatar,,1826,,,,,,,0.9,42.5
25178,25178,Saudi Arabia,,1826,,,,,,,1.01,43.3
25220,25220,Yemen,,1826,,,,,,,1.32,50.7
25228,25228,United Arab Emirates,,1827,,,,,,,3.2,39.6
25241,25241,Bahrain,,1827,,,,,,,1.79,42.2
25319,25319,Kuwait,,1827,,,,,,,1.52,42.5
25357,25357,Oman,,1827,,,,,,,777.0,43.0
25369,25369,Qatar,,1827,,,,,,,903.0,42.5
25373,25373,Saudi Arabia,,1827,,,,,,,1.01,43.3
25415,25415,Yemen,,1827,,,,,,,1.32,50.8
25423,25423,United Arab Emirates,,1828,,,,,,,3.22,39.6
25436,25436,Bahrain,,1828,,,,,,,1.79,42.2
25514,25514,Kuwait,,1828,,,,,,,1.53,42.5
25552,25552,Oman,,1828,,,,,,,779.0,43.0
25564,25564,Qatar,,1828,,,,,,,907.0,42.5
25568,25568,Saudi Arabia,,1828,,,,,,,1.01,43.2
25610,25610,Yemen,,1828,,,,,,,1.32,51.0
25618,25618,United Arab Emirates,,1829,,,,,,,3.23,39.6
25631,25631,Bahrain,,1829,,,,,,,1.8,42.2
25709,25709,Kuwait,,1829,,,,,,,1.53,42.5
25747,25747,Oman,,1829,,,,,,,782.0,43.0
25759,25759,Qatar,,1829,,,,,,,0.91,42.5
25763,25763,Saudi Arabia,,1829,,,,,,,1.01,43.2
25805,25805,Yemen,,1829,,,,,,,1.33,51.1
25813,25813,United Arab Emirates,,1830,,,,,,,3.24,39.6
25826,25826,Bahrain,,1830,,,,,,,1.81,42.2
25904,25904,Kuwait,,1830,,,,,,,1.54,42.5
25942,25942,Oman,,1830,,,,,,,786.0,43.0
25954,25954,Qatar,,1830,,,,,,,914.0,42.5
25958,25958,Saudi Arabia,,1830,,,,,,,1.01,43.2
26000,26000,Yemen,,1830,,,,,,,1.33,51.3
26008,26008,United Arab Emirates,,1831,,,,,,,3.25,39.6
26021,26021,Bahrain,,1831,,,,,,,1.82,42.2
26099,26099,Kuwait,,1831,,,,,,,1.54,42.5
26137,26137,Oman,,1831,,,,,,,789.0,42.9
26149,26149,Qatar,,1831,,,,,,,917.0,42.5
26153,26153,Saudi Arabia,,1831,,,,,,,1.01,43.2
26195,26195,Yemen,,1831,,,,,,,1.34,51.4
26203,26203,United Arab Emirates,,1832,,,,,,,3.27,39.6
26216,26216,Bahrain,,1832,,,,,,,1.82,42.2
26294,26294,Kuwait,,1832,,,,,,,1.55,42.5
26332,26332,Oman,,1832,,,,,,,793.0,42.9
26344,26344,Qatar,,1832,,,,,,,921.0,42.5
26348,26348,Saudi Arabia,,1832,,,,,,,1.01,43.2
26390,26390,Yemen,,1832,,,,,,,1.34,51.6
26398,26398,United Arab Emirates,,1833,,,,,,,3.28,39.6
26411,26411,Bahrain,,1833,,,,,,,1.83,42.2
26489,26489,Kuwait,,1833,,,,,,,1.55,42.4
26527,26527,Oman,,1833,,,,,,,796.0,42.9
26539,26539,Qatar,,1833,,,,,,,923.0,42.4
26543,26543,Saudi Arabia,,1833,,,,,,,1.02,43.2
26585,26585,Yemen,,1833,,,,,,,1.34,51.7
26593,26593,United Arab Emirates,,1834,,,,,,,3.29,39.6
26606,26606,Bahrain,,1834,,,,,,,1.84,42.2
26684,26684,Kuwait,,1834,,,,,,,1.56,42.4
26722,26722,Oman,,1834,,,,,,,799.0,42.9
26734,26734,Qatar,,1834,,,,,,,927.0,42.4
26738,26738,Saudi Arabia,,1834,,,,,,,1.02,43.2
26780,26780,Yemen,,1834,,,,,,,1.35,51.9
26788,26788,United Arab Emirates,,1835,,,,,,,3.3,39.5
26801,26801,Bahrain,,1835,,,,,,,1.85,42.1
26879,26879,Kuwait,,1835,,,,,,,1.57,42.4
26917,26917,Oman,,1835,,,,,,,802.0,42.9
26929,26929,Qatar,,1835,,,,,,,931.0,42.4
26933,26933,Saudi Arabia,,1835,,,,,,,1.02,43.2
26975,26975,Yemen,,1835,,,,,,,1.35,52.1
26983,26983,United Arab Emirates,,1836,,,,,,,3.31,39.5
26996,26996,Bahrain,,1836,,,,,,,1.86,42.1
27074,27074,Kuwait,,1836,,,,,,,1.57,42.4
27112,27112,Oman,,1836,,,,,,,806.0,42.9
27124,27124,Qatar,,1836,,,,,,,934.0,42.4
27128,27128,Saudi Arabia,,1836,,,,,,,1.02,43.2
27170,27170,Yemen,,1836,,,,,,,1.36,52.2
27178,27178,United Arab Emirates,,1837,,,,,,,3.33,39.5
27191,27191,Bahrain,,1837,,,,,,,1.86,42.1
27269,27269,Kuwait,,1837,,,,,,,1.58,42.4
27307,27307,Oman,,1837,,,,,,,809.0,42.9
27319,27319,Qatar,,1837,,,,,,,938.0,42.4
27323,27323,Saudi Arabia,,1837,,,,,,,1.02,43.2
27365,27365,Yemen,,1837,,,,,,,1.36,52.4
27373,27373,United Arab Emirates,,1838,,,,,,,3.34,39.5
27386,27386,Bahrain,,1838,,,,,,,1.87,42.1
27464,27464,Kuwait,,1838,,,,,,,1.59,42.4
27502,27502,Oman,,1838,,,,,,,813.0,42.9
27514,27514,Qatar,,1838,,,,,,,942.0,42.4
27518,27518,Saudi Arabia,,1838,,,,,,,1.02,43.2
27560,27560,Yemen,,1838,,,,,,,1.36,52.5
27568,27568,United Arab Emirates,,1839,,,,,,,3.35,39.5
27581,27581,Bahrain,,1839,,,,,,,1.88,42.1
27659,27659,Kuwait,,1839,,,,,,,1.59,42.4
27697,27697,Oman,,1839,,,,,,,816.0,42.9
27709,27709,Qatar,,1839,,,,,,,946.0,42.4
27713,27713,Saudi Arabia,,1839,,,,,,,1.02,43.2
27755,27755,Yemen,,1839,,,,,,,1.37,52.7
27763,27763,United Arab Emirates,,1840,,,,,,,3.36,39.5
27776,27776,Bahrain,,1840,,,,,,,1.89,42.1
27854,27854,Kuwait,,1840,,,,,,,1.6,42.4
27892,27892,Oman,,1840,,,,,,,0.82,42.9
27904,27904,Qatar,,1840,,,,,,,948.0,42.4
27908,27908,Saudi Arabia,,1840,,,,,,,1.02,43.2
27950,27950,Yemen,,1840,,,,,,,1.37,52.8
27958,27958,United Arab Emirates,,1841,,,,,,,3.38,39.5
27971,27971,Bahrain,,1841,,,,,,,1.9,42.1
28049,28049,Kuwait,,1841,,,,,,,1.6,42.4
28087,28087,Oman,,1841,,,,,,,823.0,42.9
28099,28099,Qatar,,1841,,,,,,,952.0,42.4
28103,28103,Saudi Arabia,,1841,,,,,,,1.02,43.2
28145,28145,Yemen,,1841,,,,,,,1.37,53.0
28153,28153,United Arab Emirates,,1842,,,,,,,3.39,39.5
28166,28166,Bahrain,,1842,,,,,,,1.91,42.1
28244,28244,Kuwait,,1842,,,,,,,1.61,42.4
28282,28282,Oman,,1842,,,,,,,827.0,42.9
28294,28294,Qatar,,1842,,,,,,,956.0,42.4
28298,28298,Saudi Arabia,,1842,,,,,,,1.02,43.2
28340,28340,Yemen,,1842,,,,,,,1.38,53.1
28348,28348,United Arab Emirates,,1843,,,,,,,3.4,39.5
28361,28361,Bahrain,,1843,,,,,,,1.91,42.1
28439,28439,Kuwait,,1843,,,,,,,1.62,42.4
28477,28477,Oman,,1843,,,,,,,0.83,42.9
28489,28489,Qatar,,1843,,,,,,,0.96,42.4
28493,28493,Saudi Arabia,,1843,,,,,,,1.02,43.2
28535,28535,Yemen,,1843,,,,,,,1.38,53.3
28543,28543,United Arab Emirates,,1844,,,,,,,3.42,39.5
28556,28556,Bahrain,,1844,,,,,,,1.92,42.1
28634,28634,Kuwait,,1844,,,,,,,1.62,42.4
28672,28672,Oman,,1844,,,,,,,833.0,42.8
28684,28684,Qatar,,1844,,,,,,,963.0,42.4
28688,28688,Saudi Arabia,,1844,,,,,,,1.02,43.2
28730,28730,Yemen,,1844,,,,,,,1.39,53.5
28738,28738,United Arab Emirates,,1845,,,,,,,3.43,39.5
28751,28751,Bahrain,,1845,,,,,,,1.93,42.1
28829,28829,Kuwait,,1845,,,,,,,1.63,42.4
28867,28867,Oman,,1845,,,,,,,837.0,42.8
28879,28879,Qatar,,1845,,,,,,,966.0,42.4
28883,28883,Saudi Arabia,,1845,,,,,,,1.03,43.2
28925,28925,Yemen,,1845,,,,,,,1.39,53.5
28933,28933,United Arab Emirates,,1846,,,,,,,3.44,39.5
28946,28946,Bahrain,,1846,,,,,,,1.94,42.1
29024,29024,Kuwait,,1846,,,,,,,1.63,42.4
29062,29062,Oman,,1846,,,,,,,841.0,42.8
29074,29074,Qatar,,1846,,,,,,,0.97,42.4
29078,29078,Saudi Arabia,,1846,,,,,,,1.03,43.2
29120,29120,Yemen,,1846,,,,,,,1.39,53.6
29128,29128,United Arab Emirates,,1847,,,,,,,3.45,39.5
29141,29141,Bahrain,,1847,,,,,,,1.95,42.0
29219,29219,Kuwait,,1847,,,,,,,1.64,42.3
29257,29257,Oman,,1847,,,,,,,843.0,42.8
29269,29269,Qatar,,1847,,,,,,,974.0,42.3
29273,29273,Saudi Arabia,,1847,,,,,,,1.03,43.2
29315,29315,Yemen,,1847,,,,,,,1.4,53.5
29323,29323,United Arab Emirates,,1848,,,,,,,3.47,39.5
29336,29336,Bahrain,,1848,,,,,,,1.95,42.0
29414,29414,Kuwait,,1848,,,,,,,1.65,42.3
29452,29452,Oman,,1848,,,,,,,847.0,42.8
29464,29464,Qatar,,1848,,,,,,,977.0,42.3
29468,29468,Saudi Arabia,,1848,,,,,,,1.03,43.2
29510,29510,Yemen,,1848,,,,,,,1.4,53.4
29518,29518,United Arab Emirates,,1849,,,,,,,3.48,39.5
29531,29531,Bahrain,,1849,,,,,,,1.96,42.0
29609,29609,Kuwait,,1849,,,,,,,1.65,42.3
29647,29647,Oman,,1849,,,,,,,851.0,42.8
29659,29659,Qatar,,1849,,,,,,,981.0,42.3
29663,29663,Saudi Arabia,,1849,,,,,,,1.03,43.2
29705,29705,Yemen,,1849,,,,,,,1.41,53.2
29713,29713,United Arab Emirates,,1850,,,,,,,3.49,39.5
29726,29726,Bahrain,,1850,,,,,,,1.97,42.0
29804,29804,Kuwait,,1850,,,,,,,1.66,42.3
29842,29842,Oman,,1850,,,,,,,855.0,42.8
29854,29854,Qatar,,1850,,,,,,,985.0,42.3
29858,29858,Saudi Arabia,,1850,,,,,,,1.03,43.2
29900,29900,Yemen,,1850,,,,,,,1.41,53.0
29908,29908,United Arab Emirates,,1851,,,,,,,3.5,39.4
29921,29921,Bahrain,,1851,,,,,,,2.0,42.0
29999,29999,Kuwait,,1851,,,,,,,1.66,42.3
30037,30037,Oman,,1851,,,,,,,857.0,42.8
30049,30049,Qatar,,1851,,,,,,,989.0,42.3
30053,30053,Saudi Arabia,,1851,,,,,,,1.03,43.2
30095,30095,Yemen,,1851,,,,,,,1.41,52.6
30103,30103,United Arab Emirates,,1852,,,,,,,3.52,39.4
30116,30116,Bahrain,,1852,,,,,,,2.02,42.0
30194,30194,Kuwait,,1852,,,,,,,1.67,42.3
30232,30232,Oman,,1852,,,,,,,862.0,42.8
30244,30244,Qatar,,1852,,,,,,,992.0,42.3
30248,30248,Saudi Arabia,,1852,,,,,,,1.03,43.2
30290,30290,Yemen,,1852,,,,,,,1.42,52.3
30298,30298,United Arab Emirates,,1853,,,,,,,3.53,39.4
30311,30311,Bahrain,,1853,,,,,,,2.04,42.0
30389,30389,Kuwait,,1853,,,,,,,1.68,42.3
30427,30427,Oman,,1853,,,,,,,865.0,42.8
30439,30439,Qatar,,1853,,,,,,,996.0,42.3
30443,30443,Saudi Arabia,,1853,,,,,,,1.03,43.2
30485,30485,Yemen,,1853,,,,,,,1.42,51.8
30493,30493,United Arab Emirates,,1854,,,,,,,3.55,39.4
30506,30506,Bahrain,,1854,,,,,,,2.06,41.9
30584,30584,Kuwait,,1854,,,,,,,1.68,42.3
30622,30622,Oman,,1854,,,,,,,868.0,42.8
30634,30634,Qatar,,1854,,,,,,,1.0,42.3
30638,30638,Saudi Arabia,,1854,,,,,,,1.03,43.2
30680,30680,Yemen,,1854,,,,,,,1.43,51.3
30688,30688,United Arab Emirates,,1855,,,,,,,3.56,39.4
30701,30701,Bahrain,,1855,,,,,,,2.09,41.9
30779,30779,Kuwait,,1855,,,,,,,1.69,42.3
30817,30817,Oman,,1855,,,,,,,872.0,42.8
30829,30829,Qatar,,1855,,,,,,,1.0,42.3
30833,30833,Saudi Arabia,,1855,,,,,,,1.03,43.2
30875,30875,Yemen,,1855,,,,,,,1.43,50.7
30883,30883,United Arab Emirates,,1856,,,,,,,3.57,39.4
30896,30896,Bahrain,,1856,,,,,,,2.11,41.9
30974,30974,Kuwait,,1856,,,,,,,1.7,42.3
31012,31012,Oman,,1856,,,,,,,876.0,42.7
31024,31024,Qatar,,1856,,,,,,,1.01,42.3
31028,31028,Saudi Arabia,,1856,,,,,,,1.03,43.2
31070,31070,Yemen,,1856,,,,,,,1.43,50.0
31078,31078,United Arab Emirates,,1857,,,,,,,3.59,39.4
31091,31091,Bahrain,,1857,,,,,,,2.14,41.9
31169,31169,Kuwait,,1857,,,,,,,1.7,42.3
31207,31207,Oman,,1857,,,,,,,879.0,42.7
31219,31219,Qatar,,1857,,,,,,,1.01,42.3
31223,31223,Saudi Arabia,,1857,,,,,,,1.04,43.2
31265,31265,Yemen,,1857,,,,,,,1.44,49.3
31273,31273,United Arab Emirates,,1858,,,,,,,3.6,39.4
31286,31286,Bahrain,,1858,,,,,,,2.16,41.9
31364,31364,Kuwait,,1858,,,,,,,1.71,42.3
31402,31402,Oman,,1858,,,,,,,883.0,42.7
31414,31414,Qatar,,1858,,,,,,,1.01,42.3
31418,31418,Saudi Arabia,,1858,,,,,,,1.04,43.2
31460,31460,Yemen,,1858,,,,,,,1.44,48.5
31468,31468,United Arab Emirates,,1859,,,,,,,3.61,39.4
31481,31481,Bahrain,,1859,,,,,,,2.18,41.8
31559,31559,Kuwait,,1859,,,,,,,1.71,42.3
31597,31597,Oman,,1859,,,,,,,887.0,42.7
31609,31609,Qatar,,1859,,,,,,,1.02,42.3
31613,31613,Saudi Arabia,,1859,,,,,,,1.04,43.2
31655,31655,Yemen,,1859,,,,,,,1.45,47.7
31663,31663,United Arab Emirates,,1860,,,,,,,3.62,39.4
31676,31676,Bahrain,,1860,,,,,,,2.21,41.8
31754,31754,Kuwait,,1860,,,,,,,1.72,42.2
31792,31792,Oman,,1860,,,,,,,0.89,42.7
31804,31804,Qatar,,1860,,,,,,,1.02,42.2
31808,31808,Saudi Arabia,,1860,,,,,,,1.04,43.2
31850,31850,Yemen,,1860,,,,,,,1.45,46.9
31858,31858,United Arab Emirates,,1861,,,,,,,3.64,39.4
31871,31871,Bahrain,,1861,,,,,,,2.23,41.8
31949,31949,Kuwait,,1861,,,,,,,1.73,42.2
31987,31987,Oman,,1861,,,,,,,895.0,42.7
31999,31999,Qatar,,1861,,,,,,,1.03,42.2
32003,32003,Saudi Arabia,,1861,,,,,,,1.04,43.2
32045,32045,Yemen,,1861,,,,,,,1.45,46.1
32053,32053,United Arab Emirates,,1862,,,,,,,3.65,39.4
32066,32066,Bahrain,,1862,,,,,,,2.26,41.8
32144,32144,Kuwait,,1862,,,,,,,1.73,42.2
32182,32182,Oman,,1862,,,,,,,898.0,42.7
32194,32194,Qatar,,1862,,,,,,,1.03,42.2
32198,32198,Saudi Arabia,,1862,,,,,,,1.04,43.2
32240,32240,Yemen,,1862,,,,,,,1.46,45.3
32248,32248,United Arab Emirates,,1863,,,,,,,3.67,39.4
32261,32261,Bahrain,,1863,,,,,,,2.29,41.7
32339,32339,Kuwait,,1863,,,,,,,1.74,42.2
32377,32377,Oman,,1863,,,,,,,902.0,42.7
32389,32389,Qatar,,1863,,,,,,,1.03,42.2
32393,32393,Saudi Arabia,,1863,,,,,,,1.04,43.2
32435,32435,Yemen,,1863,,,,,,,1.46,44.5
32443,32443,United Arab Emirates,,1864,,,,,,,3.68,39.4
32456,32456,Bahrain,,1864,,,,,,,2.31,41.7
32534,32534,Kuwait,,1864,,,,,,,1.75,42.2
32572,32572,Oman,,1864,,,,,,,905.0,42.7
32584,32584,Qatar,,1864,,,,,,,1.04,42.2
32588,32588,Saudi Arabia,,1864,,,,,,,1.04,43.2
32630,32630,Yemen,,1864,,,,,,,1.47,43.8
32638,32638,United Arab Emirates,,1865,,,,,,,3.69,39.3
32651,32651,Bahrain,,1865,,,,,,,2.34,41.7
32729,32729,Kuwait,,1865,,,,,,,1.75,42.2
32767,32767,Oman,,1865,,,,,,,0.91,42.7
32779,32779,Qatar,,1865,,,,,,,1.04,42.2
32783,32783,Saudi Arabia,,1865,,,,,,,1.04,43.2
32825,32825,Yemen,,1865,,,,,,,1.47,43.0
32833,32833,United Arab Emirates,,1866,,,,,,,3.71,39.3
32846,32846,Bahrain,,1866,,,,,,,2.36,41.7
32924,32924,Kuwait,,1866,,,,,,,1.76,42.2
32962,32962,Oman,,1866,,,,,,,913.0,42.7
32974,32974,Qatar,,1866,,,,,,,1.05,42.2
32978,32978,Saudi Arabia,,1866,,,,,,,1.04,43.2
33020,33020,Yemen,,1866,,,,,,,1.48,42.4
33028,33028,United Arab Emirates,,1867,,,,,,,3.72,39.3
33041,33041,Bahrain,,1867,,,,,,,2.39,41.6
33119,33119,Kuwait,,1867,,,,,,,1.77,42.2
33157,33157,Oman,,1867,,,,,,,917.0,42.6
33169,33169,Qatar,,1867,,,,,,,1.05,42.2
33173,33173,Saudi Arabia,,1867,,,,,,,1.04,43.2
33215,33215,Yemen,,1867,,,,,,,1.48,41.7
33223,33223,United Arab Emirates,,1868,,,,,,,3.74,39.3
33236,33236,Bahrain,,1868,,,,,,,2.42,41.6
33314,33314,Kuwait,,1868,,,,,,,1.77,42.2
33352,33352,Oman,,1868,,,,,,,921.0,42.6
33364,33364,Qatar,,1868,,,,,,,1.05,42.2
33368,33368,Saudi Arabia,,1868,,,,,,,1.04,43.2
33410,33410,Yemen,,1868,,,,,,,1.48,41.0
33418,33418,United Arab Emirates,,1869,,,,,,,3.75,39.3
33431,33431,Bahrain,,1869,,,,,,,2.45,41.6
33509,33509,Kuwait,,1869,,,,,,,1.78,42.2
33547,33547,Oman,,1869,,,,,,,924.0,42.6
33559,33559,Qatar,,1869,,,,,,,1.06,42.2
33563,33563,Saudi Arabia,,1869,,,,,,,1.05,43.2
33605,33605,Yemen,,1869,,,,,,,1.49,40.5
33613,33613,United Arab Emirates,,1870,,,,,,,3.76,39.3
33626,33626,Bahrain,,1870,,,,,,,2.47,41.6
33704,33704,Kuwait,,1870,,,,,,,1.79,42.2
33742,33742,Oman,,1870,,,,,,,928.0,42.6
33754,33754,Qatar,,1870,,,,,,,1.06,42.2
33758,33758,Saudi Arabia,,1870,,,,,,,1.05,43.2
33800,33800,Yemen,,1870,,,,,,,1.49,39.9
33808,33808,United Arab Emirates,,1871,,,,,,,3.82,39.3
33821,33821,Bahrain,,1871,,,,,,,2.5,41.6
33899,33899,Kuwait,,1871,,,,,,,1.81,42.1
33937,33937,Oman,,1871,,,,,,,935.0,42.6
33949,33949,Qatar,,1871,,,,,,,1.08,42.1
33953,33953,Saudi Arabia,,1871,,,,,,,1.05,43.2
33995,33995,Yemen,,1871,,,,,,,1.5,39.4
34003,34003,United Arab Emirates,,1872,,,,,,,3.87,39.3
34016,34016,Bahrain,,1872,,,,,,,2.53,41.5
34094,34094,Kuwait,,1872,,,,,,,1.84,42.1
34132,34132,Oman,,1872,,,,,,,943.0,42.6
34144,34144,Qatar,,1872,,,,,,,1.09,42.1
34148,34148,Saudi Arabia,,1872,,,,,,,1.05,43.2
34190,34190,Yemen,,1872,,,,,,,1.5,38.9
34198,34198,United Arab Emirates,,1873,,,,,,,3.93,39.2
34211,34211,Bahrain,,1873,,,,,,,2.56,41.5
34289,34289,Kuwait,,1873,,,,,,,1.87,42.1
34327,34327,Oman,,1873,,,,,,,951.0,42.6
34339,34339,Qatar,,1873,,,,,,,1.11,42.1
34343,34343,Saudi Arabia,,1873,,,,,,,1.06,43.2
34385,34385,Yemen,,1873,,,,,,,1.5,38.5
34393,34393,United Arab Emirates,,1874,,,,,,,3.99,39.2
34406,34406,Bahrain,,1874,,,,,,,2.59,41.5
34484,34484,Kuwait,,1874,,,,,,,1.89,42.0
34522,34522,Oman,,1874,,,,,,,959.0,42.6
34534,34534,Qatar,,1874,,,,,,,1.12,42.0
34538,34538,Saudi Arabia,,1874,,,,,,,1.06,43.1
34580,34580,Yemen,,1874,,,,,,,1.51,38.1
34588,34588,United Arab Emirates,,1875,,,,,,,4.04,39.2
34601,34601,Bahrain,,1875,,,,,,,2.62,41.5
34679,34679,Kuwait,,1875,,,,,,,1.92,42.0
34717,34717,Oman,,1875,,,,,,,967.0,42.5
34729,34729,Qatar,,1875,,,,,,,1.14,42.0
34733,34733,Saudi Arabia,,1875,,,,,,,1.06,43.1
34775,34775,Yemen,,1875,,,,,,,1.51,37.7
34783,34783,United Arab Emirates,,1876,,,,,,,4.11,39.1
34796,34796,Bahrain,,1876,,,,,,,2.65,41.5
34874,34874,Kuwait,,1876,,,,,,,1.95,42.0
34912,34912,Oman,,1876,,,,,,,974.0,42.5
34924,34924,Qatar,,1876,,,,,,,1.16,42.0
34928,34928,Saudi Arabia,,1876,,,,,,,1.07,43.1
34970,34970,Yemen,,1876,,,,,,,1.52,37.4
34978,34978,United Arab Emirates,,1877,,,,,,,4.16,39.1
34991,34991,Bahrain,,1877,,,,,,,2.68,41.4
35069,35069,Kuwait,,1877,,,,,,,1.98,42.0
35107,35107,Oman,,1877,,,,,,,982.0,42.5
35119,35119,Qatar,,1877,,,,,,,1.17,42.0
35123,35123,Saudi Arabia,,1877,,,,,,,1.07,43.1
35165,35165,Yemen,,1877,,,,,,,1.52,37.2
35173,35173,United Arab Emirates,,1878,,,,,,,4.23,39.1
35186,35186,Bahrain,,1878,,,,,,,2.71,41.4
35264,35264,Kuwait,,1878,,,,,,,2.01,41.9
35302,35302,Oman,,1878,,,,,,,0.99,42.5
35314,35314,Qatar,,1878,,,,,,,1.19,41.9
35318,35318,Saudi Arabia,,1878,,,,,,,1.07,43.1
35360,35360,Yemen,,1878,,,,,,,1.53,36.9
35368,35368,United Arab Emirates,,1879,,,,,,,4.29,39.1
35381,35381,Bahrain,,1879,,,,,,,2.74,41.4
35459,35459,Kuwait,,1879,,,,,,,2.04,41.9
35497,35497,Oman,,1879,,,,,,,998.0,42.5
35509,35509,Qatar,,1879,,,,,,,1.21,41.9
35513,35513,Saudi Arabia,,1879,,,,,,,1.08,43.1
35555,35555,Yemen,,1879,,,,,,,1.53,36.7
35563,35563,United Arab Emirates,,1880,,,,,,,4.35,39.0
35576,35576,Bahrain,,1880,,,,,,,2.77,41.4
35654,35654,Kuwait,,1880,,,,,,,2.07,41.9
35692,35692,Oman,,1880,,,,,,,1.01,42.5
35704,35704,Qatar,,1880,,,,,,,1.23,41.9
35708,35708,Saudi Arabia,,1880,,,,,,,1.08,43.1
35750,35750,Yemen,,1880,,,,,,,1.54,36.5
35758,35758,United Arab Emirates,,1881,,,,,,,4.42,39.0
35771,35771,Bahrain,,1881,,,,,,,2.8,41.3
35849,35849,Kuwait,,1881,,,,,,,2.1,41.9
35887,35887,Oman,,1881,,,,,,,1.0,42.5
35899,35899,Qatar,,1881,,,,,,,1.24,41.9
35903,35903,Saudi Arabia,,1881,,,,,,,1.08,43.1
35945,35945,Yemen,,1881,,,,,,,1.54,36.3
35953,35953,United Arab Emirates,,1882,,,,,,,4.48,39.0
35966,35966,Bahrain,,1882,,,,,,,2.83,41.3
36044,36044,Kuwait,,1882,,,,,,,2.13,41.8
36082,36082,Oman,,1882,,,,,,,1.0,42.5
36094,36094,Qatar,,1882,,,,,,,1.26,41.8
36098,36098,Saudi Arabia,,1882,,,,,,,1.09,43.1
36140,36140,Yemen,,1882,,,,,,,1.54,36.0
36148,36148,United Arab Emirates,,1883,,,,,,,4.55,39.0
36161,36161,Bahrain,,1883,,,,,,,2.87,41.3
36239,36239,Kuwait,,1883,,,,,,,2.16,41.8
36277,36277,Oman,,1883,,,,,,,1.0,42.5
36289,36289,Qatar,,1883,,,,,,,1.28,41.8
36293,36293,Saudi Arabia,,1883,,,,,,,1.09,43.1
36335,36335,Yemen,,1883,,,,,,,1.55,35.8
36343,36343,United Arab Emirates,,1884,,,,,,,4.63,38.9
36356,36356,Bahrain,,1884,,,,,,,2.9,41.3
36434,36434,Kuwait,,1884,,,,,,,2.19,41.8
36472,36472,Oman,,1884,,,,,,,997.0,42.5
36484,36484,Qatar,,1884,,,,,,,1.3,41.8
36488,36488,Saudi Arabia,,1884,,,,,,,1.1,43.1
36530,36530,Yemen,,1884,,,,,,,1.55,35.6
36538,36538,United Arab Emirates,,1885,,,,,,,4.71,38.9
36551,36551,Bahrain,,1885,,,,,,,2.93,41.3
36629,36629,Kuwait,,1885,,,,,,,2.22,41.7
36667,36667,Oman,,1885,,,,,,,995.0,42.5
36679,36679,Qatar,,1885,,,,,,,1.32,41.7
36683,36683,Saudi Arabia,,1885,,,,,,,1.1,43.1
36725,36725,Yemen,,1885,,,,,,,1.56,35.4
36733,36733,United Arab Emirates,,1886,,,,,,,4.81,38.9
36746,36746,Bahrain,,1886,,,,,,,2.97,41.2
36824,36824,Kuwait,,1886,,,,,,,2.25,41.7
36862,36862,Oman,,1886,,,,,,,992.0,42.5
36874,36874,Qatar,,1886,,,,,,,1.34,41.7
36878,36878,Saudi Arabia,,1886,,,,,,,1.1,43.1
36920,36920,Yemen,,1886,,,,,,,1.56,35.2
36928,36928,United Arab Emirates,,1887,,,,,,,4.91,38.8
36941,36941,Bahrain,,1887,,,,,,,3.0,41.2
37019,37019,Kuwait,,1887,,,,,,,2.28,41.7
37057,37057,Oman,,1887,,,,,,,0.99,42.5
37069,37069,Qatar,,1887,,,,,,,1.36,41.7
37073,37073,Saudi Arabia,,1887,,,,,,,1.11,43.1
37115,37115,Yemen,,1887,,,,,,,1.57,35.1
37123,37123,United Arab Emirates,,1888,,,,,,,5.03,38.8
37136,37136,Bahrain,,1888,,,,,,,3.03,41.2
37214,37214,Kuwait,,1888,,,,,,,2.32,41.7
37252,37252,Oman,,1888,,,,,,,986.0,42.5
37264,37264,Qatar,,1888,,,,,,,1.38,41.7
37268,37268,Saudi Arabia,,1888,,,,,,,1.11,43.1
37310,37310,Yemen,,1888,,,,,,,1.57,35.0
37318,37318,United Arab Emirates,,1889,,,,,,,5.16,38.7
37331,37331,Bahrain,,1889,,,,,,,3.07,41.2
37409,37409,Kuwait,,1889,,,,,,,2.35,41.6
37447,37447,Oman,,1889,,,,,,,984.0,42.5
37459,37459,Qatar,,1889,,,,,,,1.4,41.6
37463,37463,Saudi Arabia,,1889,,,,,,,1.11,43.1
37505,37505,Yemen,,1889,,,,,,,1.57,34.9
37513,37513,United Arab Emirates,,1890,,,,,,,5.32,38.7
37526,37526,Bahrain,,1890,,,,,,,3.1,41.1
37604,37604,Kuwait,,1890,,,,,,,2.39,41.6
37642,37642,Oman,,1890,,,,,,,0.98,42.5
37654,37654,Qatar,,1890,,,,,,,1.42,41.6
37658,37658,Saudi Arabia,,1890,,,,,,,1.12,43.0
37700,37700,Yemen,,1890,,,,,,,1.58,34.8
37708,37708,United Arab Emirates,,1891,,,,,,,5.49,38.6
37721,37721,Bahrain,,1891,,,,,,,3.14,41.1
37799,37799,Kuwait,,1891,,,,,,,2.42,41.6
37837,37837,Oman,,1891,,,,,,,977.0,42.5
37849,37849,Qatar,,1891,,,,,,,1.44,41.6
37853,37853,Saudi Arabia,,1891,,,,,,,1.12,43.0
37895,37895,Yemen,,1891,,,,,,,1.58,34.8
37903,37903,United Arab Emirates,,1892,,,,,,,5.69,38.5
37916,37916,Bahrain,,1892,,,,,,,3.18,41.1
37994,37994,Kuwait,,1892,,,,,,,2.46,41.5
38032,38032,Oman,,1892,,,,,,,974.0,42.5
38044,38044,Qatar,,1892,,,,,,,1.46,41.5
38048,38048,Saudi Arabia,,1892,,,,,,,1.13,43.0
38090,38090,Yemen,,1892,,,,,,,1.59,34.8
38098,38098,United Arab Emirates,,1893,,,,,,,5.92,38.5
38111,38111,Bahrain,,1893,,,,,,,3.21,41.1
38189,38189,Kuwait,,1893,,,,,,,2.49,41.5
38227,38227,Oman,,1893,,,,,,,971.0,42.5
38239,38239,Qatar,,1893,,,,,,,1.48,41.5
38243,38243,Saudi Arabia,,1893,,,,,,,1.13,43.0
38285,38285,Yemen,,1893,,,,,,,1.59,34.8
38293,38293,United Arab Emirates,,1894,,,,,,,6.17,38.4
38306,38306,Bahrain,,1894,,,,,,,3.25,41.0
38384,38384,Kuwait,,1894,,,,,,,2.53,41.5
38422,38422,Oman,,1894,,,,,,,967.0,42.5
38434,38434,Qatar,,1894,,,,,,,1.5,41.5
38438,38438,Saudi Arabia,,1894,,,,,,,1.13,43.0
38480,38480,Yemen,,1894,,,,,,,1.6,34.9
38488,38488,United Arab Emirates,,1895,,,,,,,6.46,38.3
38501,38501,Bahrain,,1895,,,,,,,3.29,41.0
38579,38579,Kuwait,,1895,,,,,,,2.57,41.5
38617,38617,Oman,,1895,,,,,,,963.0,42.5
38629,38629,Qatar,,1895,,,,,,,1.52,41.5
38633,38633,Saudi Arabia,,1895,,,,,,,1.14,43.0
38675,38675,Yemen,,1895,,,,,,,1.6,35.0
38683,38683,United Arab Emirates,,1896,,,,,,,6.79,38.2
38696,38696,Bahrain,,1896,,,,,,,3.32,41.0
38774,38774,Kuwait,,1896,,,,,,,2.6,41.4
38812,38812,Oman,,1896,,,,,,,0.96,42.6
38824,38824,Qatar,,1896,,,,,,,1.55,41.4
38828,38828,Saudi Arabia,,1896,,,,,,,1.14,43.0
38870,38870,Yemen,,1896,,,,,,,1.61,35.1
38878,38878,United Arab Emirates,,1897,,,,,,,7.15,38.1
38891,38891,Bahrain,,1897,,,,,,,3.36,41.0
38969,38969,Kuwait,,1897,,,,,,,2.64,41.4
39007,39007,Oman,,1897,,,,,,,956.0,42.6
39019,39019,Qatar,,1897,,,,,,,1.57,41.4
39023,39023,Saudi Arabia,,1897,,,,,,,1.14,43.0
39065,39065,Yemen,,1897,,,,,,,1.61,35.3
39073,39073,United Arab Emirates,,1898,,,,,,,7.55,38.0
39086,39086,Bahrain,,1898,,,,,,,3.4,41.0
39164,39164,Kuwait,,1898,,,,,,,2.68,41.4
39202,39202,Oman,,1898,,,,,,,952.0,42.6
39214,39214,Qatar,,1898,,,,,,,1.59,41.4
39218,39218,Saudi Arabia,,1898,,,,,,,1.15,43.0
39260,39260,Yemen,,1898,,,,,,,1.62,35.5
39268,39268,United Arab Emirates,,1899,,,,,,,8.0,37.9
39281,39281,Bahrain,,1899,,,,,,,3.44,40.9
39359,39359,Kuwait,,1899,,,,,,,2.72,41.3
39397,39397,Oman,,1899,,,,,,,948.0,42.6
39409,39409,Qatar,,1899,,,,,,,1.61,41.3
39413,39413,Saudi Arabia,,1899,,,,,,,1.15,43.0
39455,39455,Yemen,,1899,,,,,,,1.62,35.6
39463,39463,United Arab Emirates,,1900,,,,,,,8.51,37.8
39476,39476,Bahrain,,1900,,,,,,,3.48,40.9
39554,39554,Kuwait,,1900,,,,,,,2.76,41.3
39592,39592,Oman,,1900,,,,,,,943.0,42.6
39604,39604,Qatar,,1900,,,,,,,1.64,41.3
39608,39608,Saudi Arabia,,1900,,,,,,,1.16,43.0
39650,39650,Yemen,,1900,,,,,,,1.62,35.8
39658,39658,United Arab Emirates,,1901,,,,,,,9.06,37.7
39671,39671,Bahrain,,1901,,,,,,,3.48,40.9
39749,39749,Kuwait,,1901,,,,,,,2.84,41.3
39787,39787,Oman,,1901,,,,,,,939.0,42.6
39799,39799,Qatar,,1901,,,,,,,1.66,41.3
39803,39803,Saudi Arabia,,1901,,,,,,,1.16,43.0
39845,39845,Yemen,,1901,,,,,,,1.63,36.0
39853,39853,United Arab Emirates,,1902,,,,,,,9.67,37.6
39866,39866,Bahrain,,1902,,,,,,,3.48,40.9
39944,39944,Kuwait,,1902,,,,,,,2.93,41.2
39982,39982,Oman,,1902,,,,,,,934.0,42.6
39994,39994,Qatar,,1902,,,,,,,1.69,41.3
39998,39998,Saudi Arabia,,1902,,,,,,,1.16,43.0
40040,40040,Yemen,,1902,,,,,,,1.63,36.2
40048,40048,United Arab Emirates,,1903,,,,,,,10.4,37.5
40061,40061,Bahrain,,1903,,,,,,,3.48,40.9
40139,40139,Kuwait,,1903,,,,,,,3.02,41.1
40177,40177,Oman,,1903,,,,,,,0.93,42.6
40189,40189,Qatar,,1903,,,,,,,1.71,41.2
40193,40193,Saudi Arabia,,1903,,,,,,,1.17,43.0
40235,40235,Yemen,,1903,,,,,,,1.64,36.4
40243,40243,United Arab Emirates,,1904,,,,,,,11.1,37.3
40256,40256,Bahrain,,1904,,,,,,,3.48,40.9
40334,40334,Kuwait,,1904,,,,,,,3.11,41.1
40372,40372,Oman,,1904,,,,,,,925.0,42.6
40384,40384,Qatar,,1904,,,,,,,1.74,41.2
40388,40388,Saudi Arabia,,1904,,,,,,,1.17,43.0
40430,40430,Yemen,,1904,,,,,,,1.64,36.6
40438,40438,United Arab Emirates,,1905,,,,,,,11.9,37.2
40451,40451,Bahrain,,1905,,,,,,,3.49,40.9
40529,40529,Kuwait,,1905,,,,,,,3.2,41.0
40567,40567,Oman,,1905,,,,,,,921.0,42.6
40579,40579,Qatar,,1905,,,,,,,1.76,41.2
40583,40583,Saudi Arabia,,1905,,,,,,,1.17,43.0
40625,40625,Yemen,,1905,,,,,,,1.65,36.7
40633,40633,United Arab Emirates,,1906,,,,,,,12.8,37.1
40646,40646,Bahrain,,1906,,,,,,,3.49,40.9
40724,40724,Kuwait,,1906,,,,,,,3.29,41.0
40762,40762,Oman,,1906,,,,,,,915.0,42.6
40774,40774,Qatar,,1906,,,,,,,1.79,41.1
40778,40778,Saudi Arabia,,1906,,,,,,,1.18,42.9
40820,40820,Yemen,,1906,,,,,,,1.65,36.9
40828,40828,United Arab Emirates,,1907,,,,,,,13.8,36.9
40841,40841,Bahrain,,1907,,,,,,,3.49,40.9
40919,40919,Kuwait,,1907,,,,,,,3.39,40.9
40957,40957,Oman,,1907,,,,,,,0.91,42.7
40969,40969,Qatar,,1907,,,,,,,1.81,41.1
40973,40973,Saudi Arabia,,1907,,,,,,,1.18,42.9
41015,41015,Yemen,,1907,,,,,,,1.66,37.0
41023,41023,United Arab Emirates,,1908,,,,,,,14.8,36.8
41036,41036,Bahrain,,1908,,,,,,,3.49,40.9
41114,41114,Kuwait,,1908,,,,,,,3.49,40.9
41152,41152,Oman,,1908,,,,,,,904.0,42.7
41164,41164,Qatar,,1908,,,,,,,1.84,41.1
41168,41168,Saudi Arabia,,1908,,,,,,,1.19,42.9
41210,41210,Yemen,,1908,,,,,,,1.66,37.2
41218,41218,United Arab Emirates,,1909,,,,,,,16.0,36.7
41231,41231,Bahrain,,1909,,,,,,,3.5,40.9
41309,41309,Kuwait,,1909,,,,,,,3.59,40.8
41347,41347,Oman,,1909,,,,,,,899.0,42.7
41359,41359,Qatar,,1909,,,,,,,1.87,41.1
41363,41363,Saudi Arabia,,1909,,,,,,,1.19,42.9
41405,41405,Yemen,,1909,,,,,,,1.67,37.3
41413,41413,United Arab Emirates,,1910,,,,,,,17.2,36.5
41426,41426,Bahrain,,1910,,,,,,,3.5,40.9
41504,41504,Kuwait,,1910,,,,,,,3.69,40.7
41542,41542,Oman,,1910,,,,,,,893.0,42.7
41554,41554,Qatar,,1910,,,,,,,1.89,41.0
41558,41558,Saudi Arabia,,1910,,,,,,,1.19,42.9
41600,41600,Yemen,,1910,,,,,,,1.67,37.4
41608,41608,United Arab Emirates,,1911,,,,,,,18.6,36.4
41621,41621,Bahrain,,1911,,,,,,,3.5,40.9
41699,41699,Kuwait,,1911,,,,,,,3.79,40.7
41737,41737,Oman,,1911,,,,,,,887.0,42.7
41749,41749,Qatar,,1911,,,,,,,1.92,41.0
41753,41753,Saudi Arabia,,1911,,,,,,,1.2,42.9
41795,41795,Yemen,,1911,,,,,,,1.68,37.5
41803,41803,United Arab Emirates,,1912,,,,,,,20.0,36.3
41816,41816,Bahrain,,1912,,,,,,,3.5,40.9
41894,41894,Kuwait,,1912,,,,,,,3.9,40.6
41932,41932,Oman,,1912,,,,,,,882.0,42.7
41944,41944,Qatar,,1912,,,,,,,1.95,41.0
41948,41948,Saudi Arabia,,1912,,,,,,,1.2,42.9
41990,41990,Yemen,,1912,,,,,,,1.68,37.5
41998,41998,United Arab Emirates,,1913,,,,,,,21.6,36.1
42011,42011,Bahrain,,1913,,,,,,,3.51,40.9
42089,42089,Kuwait,,1913,,,,,,,4.01,40.6
42127,42127,Oman,,1913,,,,,,,875.0,42.7
42139,42139,Qatar,,1913,,,,,,,1.98,40.9
42143,42143,Saudi Arabia,,1913,,,,,,,1.21,42.9
42185,42185,Yemen,,1913,,,,,,,1.68,37.6
42193,42193,United Arab Emirates,,1914,,,,,,,21.9,36.1
42206,42206,Bahrain,,1914,,,,,,,3.51,40.9
42284,42284,Kuwait,,1914,,,,,,,3.96,40.6
42322,42322,Oman,,1914,,,,,,,875.0,42.7
42334,42334,Qatar,,1914,,,,,,,1.88,41.0
42338,42338,Saudi Arabia,,1914,,,,,,,1.25,42.8
42380,42380,Yemen,,1914,,,,,,,1.69,37.6
42388,42388,United Arab Emirates,,1915,,,,,,,22.1,36.1
42401,42401,Bahrain,,1915,,,,,,,3.51,40.9
42479,42479,Kuwait,,1915,,,,,,,3.9,40.6
42517,42517,Oman,,1915,,,,,,,874.0,42.7
42529,42529,Qatar,,1915,,,,,,,1.79,41.1
42533,42533,Saudi Arabia,,1915,,,,,,,1.29,42.8
42575,42575,Yemen,,1915,,,,,,,1.69,37.7
42583,42583,United Arab Emirates,,1916,,,,,,,22.4,36.0
42596,42596,Bahrain,,1916,,,,,,,3.51,40.9
42674,42674,Kuwait,,1916,,,,,,,3.84,40.7
42712,42712,Oman,,1916,,,,,,,874.0,42.8
42724,42724,Qatar,,1916,,,,,,,1.7,41.2
42728,42728,Saudi Arabia,,1916,,,,,,,1.34,42.7
42770,42770,Yemen,,1916,,,,,,,1.7,37.7
42778,42778,United Arab Emirates,,1917,,,,,,,22.6,36.0
42791,42791,Bahrain,,1917,,,,,,,3.51,40.9
42869,42869,Kuwait,,1917,,,,,,,3.79,40.7
42907,42907,Oman,,1917,,,,,,,872.0,42.8
42919,42919,Qatar,,1917,,,,,,,1.62,41.3
42923,42923,Saudi Arabia,,1917,,,,,,,1.39,42.6
42965,42965,Yemen,,1917,,,,,,,1.7,37.7
42973,42973,United Arab Emirates,,1918,,,,,,,22.9,36.0
42986,42986,Bahrain,,1918,,,,,,,3.52,40.9
43064,43064,Kuwait,,1918,,,,,,,3.73,40.7
43102,43102,Oman,,1918,,,,,,,871.0,42.8
43114,43114,Qatar,,1918,,,,,,,1.54,41.4
43118,43118,Saudi Arabia,,1918,,,,,,,1.44,42.5
43160,43160,Yemen,,1918,,,,,,,1.71,37.7
43168,43168,United Arab Emirates,,1919,,,,,,,25.6,35.8
43181,43181,Bahrain,,1919,,,,,,,3.52,40.9
43259,43259,Kuwait,,1919,,,,,,,3.8,40.7
43297,43297,Oman,,1919,,,,,,,868.0,42.8
43309,43309,Qatar,,1919,,,,,,,1.63,41.3
43313,43313,Saudi Arabia,,1919,,,,,,,1.49,42.5
43355,43355,Yemen,,1919,,,,,,,1.71,37.7
43363,43363,United Arab Emirates,,1920,,,,,,,28.6,35.6
43376,43376,Bahrain,,1920,,,,,,,3.52,40.9
43454,43454,Kuwait,,1920,,,,,,,3.88,40.6
43492,43492,Oman,,1920,,,,,,,867.0,42.8
43504,43504,Qatar,,1920,,,,,,,1.71,41.2
43508,43508,Saudi Arabia,,1920,,,,,,,1.55,42.4
43550,43550,Yemen,,1920,,,,,,,1.72,37.7
43558,43558,United Arab Emirates,,1921,,,,,,,32.0,35.4
43571,43571,Bahrain,,1921,,,,,,,3.54,40.9
43649,43649,Kuwait,,1921,,,,,,,3.95,40.6
43687,43687,Oman,,1921,,,,,,,872.0,42.8
43699,43699,Qatar,,1921,,,,,,,1.8,41.1
43703,43703,Saudi Arabia,,1921,,,,,,,1.6,42.3
43745,43745,Yemen,,1921,,,,,,,1.72,37.7
43753,43753,United Arab Emirates,,1922,,,,,,,35.7,35.2
43766,43766,Bahrain,,1922,,,,,,,3.56,40.9
43844,43844,Kuwait,,1922,,,,,,,3.96,40.6
43882,43882,Oman,,1922,,,,,,,877.0,42.7
43894,43894,Qatar,,1922,,,,,,,1.9,41.0
43898,43898,Saudi Arabia,,1922,,,,,,,1.66,42.3
43940,43940,Yemen,,1922,,,,,,,1.73,37.6
43948,43948,United Arab Emirates,,1923,,,,,,,37.5,35.1
43961,43961,Bahrain,,1923,,,,,,,3.58,40.9
44039,44039,Kuwait,,1923,,,,,,,3.97,40.6
44077,44077,Oman,,1923,,,,,,,882.0,42.7
44089,44089,Qatar,,1923,,,,,,,1.88,41.0
44093,44093,Saudi Arabia,,1923,,,,,,,1.72,42.2
44135,44135,Yemen,,1923,,,,,,,1.73,37.6
44143,44143,United Arab Emirates,,1924,,,,,,,39.5,35.0
44156,44156,Bahrain,,1924,,,,,,,3.6,40.8
44234,44234,Kuwait,,1924,,,,,,,3.97,40.6
44272,44272,Oman,,1924,,,,,,,886.0,42.7
44284,44284,Qatar,,1924,,,,,,,1.87,41.1
44288,44288,Saudi Arabia,,1924,,,,,,,1.78,42.1
44330,44330,Yemen,,1924,,,,,,,1.74,37.6
44338,44338,United Arab Emirates,,1925,,,,,,,41.5,34.9
44351,44351,Bahrain,,1925,,,,,,,3.62,40.8
44429,44429,Kuwait,,1925,,,,,,,3.98,40.6
44467,44467,Oman,,1925,,,,,,,0.89,42.7
44479,44479,Qatar,,1925,,,,,,,1.66,41.3
44483,44483,Saudi Arabia,,1925,,,,,,,1.85,42.1
44525,44525,Yemen,,1925,,,,,,,1.74,37.6
44533,44533,United Arab Emirates,,1926,,,,,,,42.9,34.9
44546,44546,Bahrain,,1926,,,,,,,3.64,40.8
44624,44624,Kuwait,,1926,,,,,,,3.98,40.6
44662,44662,Oman,,1926,,,,,,,894.0,42.7
44674,44674,Qatar,,1926,,,,,,,1.63,41.3
44678,44678,Saudi Arabia,,1926,,,,,,,1.91,42.0
44720,44720,Yemen,,1926,,,,,,,1.75,37.6
44728,44728,United Arab Emirates,,1927,,,,,,,44.3,34.8
44741,44741,Bahrain,,1927,,,,,,,3.66,40.8
44819,44819,Kuwait,,1927,,,,,,,3.99,40.6
44857,44857,Oman,,1927,,,,,,,898.0,42.7
44869,44869,Qatar,,1927,,,,,,,1.61,41.4
44873,44873,Saudi Arabia,,1927,,,,,,,1.98,41.9
44915,44915,Yemen,,1927,,,,,,,1.75,37.6
44923,44923,United Arab Emirates,,1928,,,,,,,45.8,34.8
44936,44936,Bahrain,,1928,,,,,,,3.68,40.8
45014,45014,Kuwait,,1928,,,,,,,4.0,40.6
45052,45052,Oman,,1928,,,,,,,901.0,42.7
45064,45064,Qatar,,1928,,,,,,,1.59,41.4
45068,45068,Saudi Arabia,,1928,,,,,,,2.05,41.9
45110,45110,Yemen,,1928,,,,,,,1.76,37.6
45118,45118,United Arab Emirates,,1929,,,,,,,44.8,34.8
45131,45131,Bahrain,,1929,,,,,,,3.7,40.8
45209,45209,Kuwait,,1929,,,,,,,3.71,40.7
45247,45247,Oman,,1929,,,,,,,903.0,42.7
45259,45259,Qatar,,1929,,,,,,,1.43,41.6
45263,45263,Saudi Arabia,,1929,,,,,,,2.13,41.8
45305,45305,Yemen,,1929,,,,,,,1.76,37.6
45313,45313,United Arab Emirates,,1930,,,,,,,43.8,34.8
45326,45326,Bahrain,,1930,,,,,,,3.72,40.8
45404,45404,Kuwait,,1930,,,,,,,3.44,40.9
45442,45442,Oman,,1930,,,,,,,906.0,42.7
45454,45454,Qatar,,1930,,,,,,,1.29,41.8
45458,45458,Saudi Arabia,,1930,,,,,,,2.21,41.7
45500,45500,Yemen,,1930,,,,,,,1.77,37.6
45508,45508,United Arab Emirates,,1931,,,,,,,42.8,34.9
45521,45521,Bahrain,,1931,,,,,,,3.74,40.8
45599,45599,Kuwait,,1931,,,,,,,3.19,41.0
45637,45637,Oman,,1931,,,,,,,907.0,42.7
45649,45649,Qatar,,1931,,,,,,,1.16,42.0
45653,45653,Saudi Arabia,,1931,,,,,,,2.28,41.6
45695,45695,Yemen,,1931,,,,,,,1.77,37.6
45703,45703,United Arab Emirates,,1932,,,,,,,41.8,34.9
45716,45716,Bahrain,,1932,,,,,,,3.76,40.8
45794,45794,Kuwait,,1932,,,,,,,2.96,41.2
45832,45832,Oman,,1932,,,,,,,909.0,42.7
45844,45844,Qatar,,1932,,,,,,,1.05,42.2
45848,45848,Saudi Arabia,,1932,,,,,,,2.37,41.6
45890,45890,Yemen,,1932,,,,,,,1.78,37.6
45898,45898,United Arab Emirates,,1933,,,,,,,40.8,35.0
45911,45911,Bahrain,,1933,,,,,,,3.77,40.8
45989,45989,Kuwait,,1933,,,,,,,2.74,41.3
46027,46027,Oman,,1933,,,,,,,0.91,42.7
46039,46039,Qatar,,1933,,,,,,,945.0,42.4
46043,46043,Saudi Arabia,,1933,,,,,,,2.45,41.5
46085,46085,Yemen,,1933,,,,,,,1.78,37.6
46093,46093,United Arab Emirates,,1934,,,,,,,39.8,35.0
46106,46106,Bahrain,,1934,,,,,,,3.79,40.7
46184,46184,Kuwait,,1934,,,,,,,2.79,41.3
46222,46222,Oman,,1934,,,,,,,0.91,42.7
46234,46234,Qatar,,1934,,,,,,,852.0,42.6
46238,46238,Saudi Arabia,,1934,,,,,,,2.54,41.4
46280,46280,Yemen,,1934,,,,,,,1.79,37.5
46288,46288,United Arab Emirates,,1935,,,,,,,41.2,34.9
46301,46301,Bahrain,,1935,,,,,,,4.22,40.5
46379,46379,Kuwait,,1935,,,,,,,2.85,41.3
46417,46417,Oman,,1935,,,,,,,911.0,42.7
46429,46429,Qatar,,1935,,,,,,,844.0,42.6
46433,46433,Saudi Arabia,,1935,,,,,,,2.63,41.4
46475,46475,Yemen,,1935,,,,,,,1.79,37.5
46483,46483,United Arab Emirates,,1936,,,,,,,42.6,34.9
46496,46496,Bahrain,,1936,,,,,,,4.69,40.3
46574,46574,Kuwait,,1936,,,,,,,2.9,41.2
46612,46612,Oman,,1936,,,,,,,0.91,42.7
46624,46624,Qatar,,1936,,,,,,,837.0,42.6
46628,46628,Saudi Arabia,,1936,,,,,,,2.73,41.3
46670,46670,Yemen,,1936,,,,,,,1.8,37.5
46678,46678,United Arab Emirates,,1937,,,,,,,44.1,34.8
46691,46691,Bahrain,,1937,,,,,,,5.22,40.1
46769,46769,Kuwait,,1937,,,,,,,2.96,41.2
46807,46807,Oman,,1937,,,,,,,0.91,42.7
46819,46819,Qatar,,1937,,,,,,,829.0,42.6
46823,46823,Saudi Arabia,,1937,,,,,,,2.83,41.2
46865,46865,Yemen,,1937,,,,,,,1.8,37.5
46873,46873,United Arab Emirates,,1938,,,,,,,45.5,34.8
46886,46886,Bahrain,,1938,,,,,,,5.8,39.9
46964,46964,Kuwait,,1938,,,,,,,3.01,41.1
47002,47002,Oman,,1938,,,,,,,908.0,42.7
47014,47014,Qatar,,1938,,,,,,,822.0,42.7
47018,47018,Saudi Arabia,,1938,,,,,,,2.93,41.1
47060,47060,Yemen,,1938,,,,,,,1.81,37.5
47068,47068,United Arab Emirates,,1939,,,,,,,46.9,34.7
47081,47081,Bahrain,,1939,,,,,,,6.45,39.7
47159,47159,Kuwait,,1939,,,,,,,3.07,41.1
47197,47197,Oman,,1939,,,,,,,906.0,42.7
47209,47209,Qatar,,1939,,,,,,,815.0,42.7
47213,47213,Saudi Arabia,,1939,,,,,,,3.04,41.1
47255,47255,Yemen,,1939,,,,,,,1.81,37.5
47263,47263,United Arab Emirates,,1940,,,,,,,48.4,34.6
47276,47276,Bahrain,,1940,,,,,,,7.17,39.5
47354,47354,Kuwait,,1940,,,,,,,3.13,41.1
47392,47392,Oman,,1940,,,,,,,903.0,42.7
47404,47404,Qatar,,1940,,,,,,,808.0,42.7
47408,47408,Saudi Arabia,,1940,,,,,,,3.15,41.0
47450,47450,Yemen,,1940,,,,,,,1.82,37.5
47458,47458,United Arab Emirates,,1941,,,,,,,49.9,34.6
47471,47471,Bahrain,,1941,,,,,,,7.97,39.3
47549,47549,Kuwait,,1941,,,,,,,3.18,41.0
47587,47587,Oman,,1941,,,,,,,0.9,42.7
47599,47599,Qatar,,1941,,,,,,,0.8,42.7
47603,47603,Saudi Arabia,,1941,,,,,,,3.26,40.9
47645,47645,Yemen,,1941,,,,,,,1.84,37.5
47653,47653,United Arab Emirates,,1942,,,,,,,51.5,34.5
47666,47666,Bahrain,,1942,,,,,,,8.86,39.1
47744,47744,Kuwait,,1942,,,,,,,3.25,41.0
47782,47782,Oman,,1942,,,,,,,896.0,42.7
47794,47794,Qatar,,1942,,,,,,,793.0,42.7
47798,47798,Saudi Arabia,,1942,,,,,,,3.38,40.9
47840,47840,Yemen,,1942,,,,,,,1.87,37.5
47848,47848,United Arab Emirates,,1943,,,,,,,53.0,34.5
47861,47861,Bahrain,,1943,,,,,,,9.85,38.9
47939,47939,Kuwait,,1943,,,,,,,3.3,41.0
47977,47977,Oman,,1943,,,,,,,891.0,42.7
47989,47989,Qatar,,1943,,,,,,,785.0,42.8
47993,47993,Saudi Arabia,,1943,,,,,,,3.5,40.8
48035,48035,Yemen,,1943,,,,,,,1.89,37.5
48043,48043,United Arab Emirates,,1944,,,,,,,54.5,34.4
48056,48056,Bahrain,,1944,,,,,,,11.0,38.6
48134,48134,Kuwait,,1944,,,,,,,3.37,40.9
48172,48172,Oman,,1944,,,,,,,886.0,42.7
48184,48184,Qatar,,1944,,,,,,,778.0,42.8
48188,48188,Saudi Arabia,,1944,,,,,,,3.63,40.7
48230,48230,Yemen,,1944,,,,,,,1.92,37.5
48421,48421,United Arab Emirates,,2021,,,,,,,85.8,26.7
48434,48434,Bahrain,,2021,,,,,,,48.7,36.3
48512,48512,Kuwait,,2021,,,,,,,48.9,36.1
48550,48550,Oman,,2021,,,,,,,19.3,37.9
48562,48562,Qatar,,2021,,,,,,,59.5,34.2
48566,48566,Saudi Arabia,,2021,,,,,,,48.8,36.8
48608,48608,Yemen,,2021,,,,,,,2.14,38.5
